Receiving Report #,Item #,Item Type,Category,PP Deck (Y/N),Ownership,Condition,SKU,DONATION FY26 (Y/N),Notes,Availability, Retail($) ,Cost($),,Dest (Y/N),RETAIL YEAR
006311506,,(LAMP SHADE)-RL3080PN-WP,Lighting,,,,,,,0,0,0,,Y,#N/A
006311507,,(LAMP SHADE)-RL61004SH,Lighting,,,,,,,0,0,0,,,
006314391,,"16.75"" OVAL LINEN SHADE",Lighting,,,,,,,0,0,0,,,
006311505,,17x18x13.5L (LAMP SHADE),Lighting,,,,,,,0,0,0,,,
007001179,,ADRIANNA MEDIUM CHANGELIER,Lighting,,,,26793299,,,0," $9,969 "," $1,880 ",,Y,2011
006316348,,"22"" THROW PILLOWS",Furniture,,Visual,Display,,,,Sellable, $-   , $-   ,,Y,#N/A
006318921,,3 PILLOW CASES,Furniture,,Visual,Display,,, ,Sellable, $-   , $-   ,,,#N/A
007001153,,ALASTAIR DINING ARM CHAIR,Furniture,,Polo,Display,45261138,,,Sellable," $4,052 "," $1,446 ",, Y ,2020
007003133,,ALLEGRA 6 LIGHT CHANDELIER,Lighting,,,Display,,,,0, $-   , $-   ,, Y ,#N/A
007001721,,ALLEYN DINING TABLE,Furniture,,Polo,Display,42448423,,,Sellable," $16,485 "," $4,121 ",,,2019
006298520,,RIVER REED STRIPE RUG,Rug,,,,,,,0, $-   , $-   ,,,#N/A
007002887,,ALWYN ACCENT TABLE,Furniture,,Polo,Display,74544230,,,0," $2,685 ", $658 ,,,2024
006316626,,ALLEGRA IRON CHANDELIER,Lighting,,,,,,,0, $-   , $-   ,, Y ,#N/A
007002620,,ALLEGRA MEDIUM CHANDELIER IN AGED IRON,Lighting,,,Display,42282657,,,0," $3,000 ", $588 ,, Y ,2019
006310374,,ALLEN DOUBLE LIGHT SCONCE PN / RL2082PN,Lighting,,,,42515320,,,0, $685 , $171 ,, Y ,2019
007002879,,ANTIQUE ROUND TABLE BASE,Furniture,,Visual,Display,,,,0, $-   , $-   ,,,#N/A
006294868,,ALLEN FLOOR LAMP IN POLISHED,Lighting,,,,,,,0, $-   , $-   ,, Y ,#N/A
007002850,,"ALLEN MEDIUM LINEAR SCONCE, PN",Lighting,,,Display,42556217,,,0," $1,219 ", $249 ,, Y ,2013
007003127,,ANTIQUE ROUND TABLE TOP,Furniture,,Visual,Display,,,,Sellable, $-   , $-   ,,,#N/A
007002557,,ARAN ISLES OTTOMAN,Furniture,,Stacy,Display,46192233,,,0," $2,994 ", $782 ,,,2024
006308350,,ARCHED KING BED FB/39601-12,Furniture,,Polo,Display,41801002,,,Sellable," $6,177 "," $1,181 ",, Y ,2019
007002851,,"ALLEN MEDIUM LINEAR SCONCE, PN",Lighting,,,Display,42556217,,,0," $1,219 ", $249 ,, Y ,2013
006306723,,ALLEN SINGLE SCONCE IN PN/RL2080PN,Lighting,,,,42556233,,,0, $649 , $146 ,, Y ,2011
006306724,,ALLEN SINGLE SCONCE IN PN/RL2080PN,Lighting,,,,42556233,,,0, $649 , $146 ,, Y ,2011
007002583,,ALLEN TABLE LAMP,Lighting,,,,42485201,,,0," $1,075 ", $251 ,, Y ,2019
007002559,,ALLEN TABLE LAMP IN NB,Lighting,,,Display,40062937,,,0," $1,339 ", $312 ,, Y ,2013
006315095,,ALLEN TABLE LAMP PN (BASE) / RL3082PN-WP,Lighting,,,,42485201,,,0," $1,075 ", $251 ,, Y ,2019
006318864,,ALLEN TABLE LAMP PN (BASE) / RL3082PN-WP,Lighting,,,,42485201,,,0," $1,075 ", $251 ,, Y ,2019
007003120,,ANCASTER LANTERN,Lighting,,,Display,43833250,,,0," $2,529 ", $554 ,, Y ,2024
006306726,,"ANETTE 16"" (MEDIUM) PICTURE LIGHT BZ / RL2276BZ",Lighting,,,,42556290,,,0, $929 , $182 ,, Y ,2011
006306728,,"ANETTE 16"" (MEDIUM) PICTURE LIGHT BZ / RL2276BZ",Lighting,,,,42556290,,,0, $929 , $182 ,, Y ,2011
006311503,,"ANETTE 16"" PICTURE LIGHT IN NB-RL2276NB",Lighting,,,,42556308,,,0, $929 , $211 ,, Y ,2011
006310377,,"ANETTE 16"" PICTURE LIGHT IN PN/RL2276PN",Lighting,,,,,,,0, $-   , $-   ,, Y ,#N/A
007002791,,ANETTE 24'' PICTURE IN PN,Lighting,,,Display,35991736,,,0," $1,279 ", $238 ,, Y ,2024
006308349,,ARCHED KING BED HB/39601-12,Furniture,,Polo,Display, ,,,Sellable, $-   , $-   ,, Y ,#N/A
006308351,,ARCHED KING BED S.R/39601-12,Furniture,,Polo,Display, ,,,Sellable, $-   , $-   ,, Y ,#N/A
006309543,,ARCHED QUEEN HEADBOARD / RLU39601-10HB,Furniture,,Polo,Display, ,,,Sellable, $-   , $-   ,, Y ,#N/A
006308406,,ARCHER KING BED/SLATS/39601-12,Furniture,,Polo,Display, ,,,Sellable, $-   , $-   ,, Y ,#N/A
007003237,,ARON ISLE CLUB CHAIR,Furniture,,Polo,Display,45261310,,,Sellable," $9,362 "," $2,342 ",, Y ,2020
006306609,,"ANETTE 24"" (LARGE) PICTURE LIGHT NB / RL2277NB",Lighting,,,,42556316,,,0," $1,279 ", $268 ,, Y ,2011
006314117,,Anette Double Sconce in NB,Lighting,,,,42556357,,,0, $879 , $195 ,, Y ,2011
006314119,,Anette Double Sconce in NB,Lighting,,,,42556357,,,0, $879 , $195 ,, Y ,2011
007002458,,BASALT HALL TABLE,Furniture,,Polo,Display,43652650,,,Sellable," $10,145 "," $2,539 ",,,2020
006314120,,Anette Double Sconce In NB,Lighting,,,,42556357,,,0, $879 , $195 ,, Y ,2011
006318575,,ANETTE DOUBLE SCONCE NB / RL2252NB,Lighting,,,,42556357,,,0, $879 , $195 ,, Y ,2011
006318577,,ANETTE DOUBLE SCONCE NB / RL2252NB,Lighting,,,,42556357,,,0, $879 , $195 ,, Y ,2011
006314118,,Anette Double Sonce in NB,Lighting,,,,42556357,,,0, $879 , $195 ,, Y ,2011
007001886,,ANETTE FLOOR LAMP,Lighting,,,Display,42485250,,,0, $879 , $282 ,, Y ,2019
007002603,,ANETTE FLOOR LAMP,Lighting,,,,42485250,,,0, $879 , $282 ,, Y ,2019
007000512,,BASALT HALL TABLE BLACK,Furniture,,polo,Display,42448522,,,Sellable," $20,985 "," $5,246 ",, Y ,2019
007002980,,ANETTE FLOOR LAMP NB,Lighting,,,Display,42485243,,,0, $879 , $170 ,, Y ,2019
006300322,,ANETTE LIBRARY LIGHT IN NATURAL BRASS 2270NB,Lighting,,,,,,,0, $-   , $-   ,, Y ,#N/A
006316636,,ANETTE SWING ARM SCONCE,Lighting,,,,42556381,,,0, $709 , $99 ,, Y ,2011
007002569,,ANETTE SWING ARM SCONCE IN NB,Lighting,,,Display,42556381,,,0, $709 , $99 ,, Y ,2011
007001147,,BASALT HALL TABLE BLACK,Furniture,,polo,Display,43614585,,,Sellable," $6,595 "," $1,930 ",, Y ,2020
007000690,,BASALT HALL TABLE BLACK BASE,Furniture,,polo,Display,,,,Sellable, $-   , $-   ,, Y ,#N/A
007002570,,ANETTE SWING ARM SCONCE IN NB,Lighting,,Polo,display,42556381,,,Sellable, $709 , $99 ,, Y ,2011
006318974,,ANETTE TL PN,Lighting,,,,41194374,,,0, $750 , $147 ,, Y ,2018
006318975,,ANETTE TL PN SHADE,Lighting,,,,,,,0, $-   , $-   ,, Y ,#N/A
007002790,,ANNETE 24' PICTURE LIGHT IN PN,Lighting,,,Display,35991736,,,0," $1,279 ", $238 ,, Y ,2024
007000686,,ANNETEE DOUBLE SCONCE IN NB,Lighting,,,,42556357,,,0, $879 , $195 ,, Y ,2011
007000687,,ANNETEE DOUBLE SCONCE IN NB,Lighting,,,,42556357,,,0, $879 , $195 ,, Y ,2011
007000688,,ANNETEE DOUBLE SCONCE IN NB,Lighting,,,,42556357,,,0, $879 , $195 ,, Y ,2011
007000689,,ANNETEE DOUBLE SCONCE IN NB,Lighting,,,,42556357,,,0, $879 , $195 ,, Y ,2011
007000694,,ANNETTE 16'' PICTURE LIGHT IN NB,Lighting,,,,42485219,,,0, $745 , $223 ,, Y ,2019
007001166,,"ANNETTE 16"" PICTURE LIGHT",Lighting,,,,42485219,,,0, $745 , $223 ,, Y ,2019
007001789,,"ANNETTE 16"" PICTURE LIGHT",Lighting,,,Display,42485219,,,0, $745 , $223 ,, Y ,2019
007001228,,ANNETTE FLOOR LAMP PN,Lighting,,,,42485250,,,0, $879 , $282 ,, Y ,2019
007003276,,ANNETTE FLOOR LAMP PN,Lighting,,,Display,42485250,,,0, $879 , $282 ,, Y ,2019
007002213,,ANTLER CHANDELIER,Lighting,,,Display,,,,0, $-   , $-   ,, Y ,#N/A
007002987,,ARCHER CHANDELIER,Lighting,,,Display,40064370,,,0," $5,039 "," $1,131 ",, Y ,2012
006311511,,AYMELINE DOUBLE SCONCE-RL2106BS-S,Lighting,,,,42556415,,,0, $809 , $182 ,, Y ,2011
006310415,,BARETT LARGE FLOOR LAMP LINEN SHADE/RL1090PN-L,Lighting,,,,44889244,,,0," $2,879 ", $650 ,, Y ,2017
007001209,,BARRET BUFFET LAMP NB,Lighting,,,,52515353,,,0, $-   , $-   ,, Y ,#N/A
006318752,,BARRET KNURLED SHADE,Lighting,,,,,,,0, $-   , $-   ,, Y ,#N/A
006315084,,BARRET LG KNURLED FLOOR LAMP SHADE,Lighting,,,,,,,0, $-   , $-   ,, Y ,#N/A
007003253,,"BARRETT 24"" PICTURE LIGHT",Lighting,,,Display,42556480,,,0," $1,499 ", $343 ,, Y ,2019
006311508,,CLAUDE STRIPE LAUREL LWP66239W (BOX OF WALL COVERING),Wallpaper,,,,,,,0, $-   , $-   ,,,#N/A
006311509,,YACARE CROC MAHOGANY LWP40879W (BOX OF WALL COVERING),Wallpaper,,,,,,,0, $-   , $-   ,,,#N/A
007001373,,BARRETT KNURLED BUFFET LAMP,Lighting,,,,52515353,,,0, $-   , $-   ,, Y ,#N/A
006316085,,BARRETT KNURLED BUFFET LAMP POLISHED NICKEL,Lighting,,,,42515353,,,0," $1,199 ", $384 ,, Y ,2019
006318751,,BARRETT KNURLED FLOOR LAMP W/ SHADE,Lighting,,,,42485292,,,0," $2,389 ", $452 ,, Y ,2019
006312469,,CURTAIN HARDWARE,Prop,,,,,,,0, $-   , $-   ,,,#N/A
007000717,,BARRETT KNURLED LAMP SHADE,Lighting,,,,,,,0, $-   , $-   ,, Y ,#N/A
007001906,,BARRETT KNURLED TABLE LAMP WITH SHADE,Lighting,,,Display,42521427,,,0," $1,339 ", $302 ,, Y ,2019
007002489,,"BARRETT LARGE  KNURLED CHAND, PN W/PN SHADES",Lighting,,,Display,44263580,,,0," $1,345 ", $250 ,, Y ,2021
007001787,,BARRETT LARGE CHANDELIER,Lighting,,,Display,45387008,,,0," $1,429 ", $260 ,, Y ,2020
007001908,,BARRETT LARGE FLOOR LAMP WITH SHADE,Lighting,,,Display,42485292,,,0," $2,389 ", $452 ,, Y ,2019
006310418,,BARRETT LARGE FLOOR LAMP-LINEN SHADE/RL109OPN-L,Lighting,,,,42485292,,,0," $2,389 ", $452 ,, Y ,2019
006306761,,BARRETT LARGE KNURLED CHAND HARDWARE &SHADES/RL5226NB-NB,Lighting,,,,,,,0, $-   , $-   ,, Y ,#N/A
006315109,,BARRETT LARGE KNURLED FLOOR  SHADE,Lighting,,,,,,,0, $-   , $-   ,, Y ,#N/A
006315190,,BARRETT LARGE KNURLED FLOOR LAMP SHADE,Lighting,,,,,,,0, $-   , $-   ,, Y ,#N/A
006306762,,BARRETT LARGE KNURLED LINEAR CHAND/RL5226NB-NB,Lighting,,,,45387008,,,0," $1,429 ", $260 ,, Y ,2020
007001998,,BARRETT MEDIUM KNURLED TABLE LAMP,Lighting,,,Display,42521427,,,0," $1,339 ", $302 ,, Y ,2019
007002514,,BASALT OCCASIONAL TABLE / ONE FIFTH BLACK / RL39543-42,Furniture,,polo,Display,42448530,,,Sellable," $7,185 "," $1,796 ",,,2019
007001999,,BARRETT MEDIUM KNURLED TABLE LAMP,Lighting,,,Display,42521427,,,0," $1,339 ", $302 ,, Y ,2019
006310413,,BARRETT MEDIUM KNURLED TABLE LAMP NB WITH LINEN SHADE / RL3094NB-L,Lighting,,,,41903360,,,0," $1,339 ", $302 ,, Y ,2017
007002000,,BARRETT MEDIUM KNURLED TABLE LAMP SHADE,Lighting,,,Display,,,,0, $-   , $-   ,, Y ,#N/A
007002001,,BARRETT MEDIUM KNURLED TABLE LAMP SHADE,Lighting,,,Display,,,,0, $-   , $-   ,, Y ,#N/A
006307765,,BAUHAUS TUBULAR DESK/3500-45,Furniture,,polo,Display, no sku,,,Sellable, $-   , $-   ,,,#N/A
007003058,,BAYNARD CONVO CHAIR,Furniture,,Polo,Display,77225340,,,Sellable," $4,445 "," $1,710 ",, Y ,2024
006306607,,BARRETT SMALL SINGLE SCONCES/RL2220NB,Lighting,,,,42521393,,,0, $709 , $155 ,, Y ,2017
007001892,,BARTON DESK LAMP,Lighting,,,Display,44263630,,,0," $1,915 ", $361 ,, Y ,2021
006318580,,BARTON DESK LAMP NB / RL3031NBEC-NB,Lighting,,,,44263630,,,0," $1,915 ", $361 ,, Y ,2021
006318581,,BARTON DESK LAMP NB / RL3031NBEC-NB,Lighting,,,,44263630,,,0," $1,915 ", $361 ,, Y ,2021
006311502,,BARTON MEDIUM BATH SCONCE NB / RL2032NB-EC,Lighting,,,,42515338,,,0, $965 , $307 ,, Y ,2019
006314131,,LARGE TROPHY BOWL,Prop,,,,,,,0, $-   , $-   ,,,#N/A
007003131,,BARTON TL,Lighting,,,Display,44263630,,,0," $1,915 ", $361 ,, Y ,2021
007000175,,Beckford Table Lamp RL 3467BZ,Lighting,,,,42508507,,,0," $1,209 ", $303 ,, Y ,2016
007001195,,BERLING DOULE SCONCE,Lighting,,,,,,,0, $-   , $-   ,, Y ,#N/A
006318582,,BLEECKER TABLE LAMP,Lighting,,,,,,,0, $-   , $-   ,, Y ,#N/A
006318616,,BLEECKER TABLE LAMP SHADE,Lighting,,,,,,,0, $-   , $-   ,, Y ,#N/A
007003274,,BLEEKER TABLE LAMP,Lighting,,,Display,,,,0, $-   , $-   ,, Y ,#N/A
006309302,,BLEEKER TRIPLE BATH SCONCE IN BRASS/RL2535NB-WG,Lighting,,,,41834664,,,0," $1,188 ", $289 ,, Y ,2019
007002984,,BLYTHE LARGE TL,Lighting,,,Display,44007946,,,0," $1,619 ", $381 ,, Y ,2024
006306605,,BOOM ARM TASK LAMP/RL3030PN RL 67,Lighting,,,,42559278,,,0," $1,159 ", $326 ,, Y ,2011
006316650,,BOX OF SHADES,Lighting,,,,,,,0, $-   , $-   ,, Y ,#N/A
006316651,,BOX OF SHADES,Lighting,,,,,,,0, $-   , $-   ,, Y ,#N/A
006316614,,BOX-ROUND SILK SHADE,Lighting,,,,,,,0, $-   , $-   ,, Y ,#N/A
006310361,,BROMPTON SWING ARM TABLE LAMP IN NB/RL3501NB,Lighting,,,,25266818,,,0," $1,449 ", $338 ,, Y ,2019
007001915,,BROOKINGS LARGE TABLE LAMP,Lighting,,,Display,424855367,,,0, $-   , $-   ,, Y ,#N/A
007002849,,"BROOKINGS TL, PN",Lighting,,,Display,29630019,,,0," $2,089 ", $458 ,, Y ,2016
006309540,,CAGAN SMALL TABLE LAMP IN CLEAR CARVED GLASS/3921CCG-P,Lighting,,,,41822446,,,0, $948 , $292 ,, Y ,2019
007003063,,CAMBRIDGE LARGE BELL JAR,Lighting,,,,42556829,,,0," $3,909 ", $831 ,, Y ,2012
006317499,,CAMBRIDGE LARGE SMOKE BELL PENDANT NB (SHADE) / RL5103NB-CG / GOES WITH ASSET 6315082,Lighting,,,,42556829,,,0," $3,909 ", $831 ,, Y ,2012
006315082,,CAMBRIDGE LARGE SMOKE BELL PENDANT NB / RL5103NB-CG / SHADE IS ASSET 006317499,Lighting,,,,42556829,,,0," $3,909 ", $831 ,, Y ,2012
007003062,,CAMBRIDGE MEDIUM BELL JAR,Lighting,,,Display,42556845,,,0," $2,089 ", $488 ,, Y ,2015
006316084,,CAMBRIDGE MEDIUM SMOKE BELL,Lighting,,,,42556845,,,0," $2,089 ", $488 ,, Y ,2015
006316616,,CANNES PENDANT,Lighting,,,,42556860,,,0," $3,229 ", $580 ,, Y ,2024
007002628,,CARTER LARGE TABLE LAMP SHADE,Lighting,,,Display,,,,0, $-   , $-   ,, Y ,#N/A
007003060,,"CARTER LARGE TL, BLACK",Lighting,,,Display,35768019,,,0," $1,109 ", $222 ,, Y ,2024
007003061,,"CARTER LARGE TL, BLACK",Lighting,,,Display,35768019,,,0," $1,109 ", $222 ,, Y ,2024
007001904,,CARTER SMALL TABLE LAMP WITH SHADE,Lighting,,,Display,42485391,,,0, $725 , $231 ,, Y ,2019
006315646,,BEAUWORTH PARCHMENT CHEST,Furniture,,,,,,,0, $-   , $-   ,, Y ,#N/A
007001889,,CARTHAGE MINI LAMP,Lighting,,,Display,42485409,,,0, $685 , $129 ,, Y ,2019
006315091,,CARTHAGE MINI LAMP NB / RL3805NB,Lighting,,,,42485409,,,0, $685 , $129 ,, Y ,2019
006316714,,CARTHAGE TABLE LAMP NB / RL11094BN,Lighting,,,,42556993,,,0," $1,037 ", $223 ,, Y ,2010
006314967,,CARTHER LAMP SHADE,Lighting,,,,,,,0,0,0,, Y ,#N/A
006314968,,CARTHER SMALL TABLE LAMP BLACK,Lighting,,,,,,,0, $-   , $-   ,, Y ,#N/A
006316252,,CHATHAM LARGE LANTERN NB,Lighting,,,,40378911,,,0," $6,600 "," $1,054 ",, Y ,2018
007003118,,CHEYENNE LANTERN,Lighting,,,Display,42557132,,,0," $1,279 ", $226 ,, Y ,2016
007003119,,CHEYENNE LANTERN,Lighting,,,Display,42557132,,,0," $1,279 ", $226 ,, Y ,2016
006315085,,CODY LG FLOOR IN NB & SADDDLE LEATHER,Lighting,,,,44263655,,,0," $1,709 ", $331 ,, Y ,2021
007001201,,DALEY DESK LAMP  NB,Lighting,,,,42184739,,,0," $1,699 ", $537 ,, Y ,2024
007001227,,DALEY FLOOR LAMP NB,Lighting,,,,42521989,,,0," $2,879 ", $655 ,, Y ,2018
006309619,,BLACK PALMS WOVEN OTTOMAN/39001-04,Furniture,,polo,Display,,,,Sellable, $-   , $-   ,,,#N/A
006299335,,BLACK TABLE TOP,Furniture,,polo,Display,,,,Sellable, $-   , $-   ,, Y ,#N/A
006315081,,DALEY LARGE SIX LIGHT CHANDELIER PN / RL5321PN-CA,Lighting,,,,42521971,,,0," $3,909 ", $806 ,, Y ,2018
007003238,,BLAKLEY CHEST,Furniture,,polo,Display,43651546,,,Sellable," $9,195 "," $2,550 ",,,2020
007001897,,DALEY MEDIUM 6-LIGHT CHANDELIER,Lighting,,,Display,42557298,,,0," $3,689 ", $869 ,, Y ,2018
006315105,,DALEY MEDUIM SIX LIGHT CHANDELIER PN / RL5322PN-CA,Lighting,,,,42557298,,,0," $3,689 ", $869 ,, Y ,2018
007002604,,DALFERN PETITE FLOOR LAMP,Lighting,,,,,,,0, $-   , $-   ,, Y ,#N/A
007002605,,DANIELA MEDIUM DOUBLE SCONCE,Lighting,,,,42557397,,,0," $2,309 ", $519 ,, Y ,2014
006318979,,DANIELA MEDIUM ONE-TIER CHANDELIER,Lighting,,,,42557371,,,0," $4,809 "," $1,080 ",, Y ,2012
007000718,,DANIELA MEDIUM ONE-TIER CHANDELIER,Lighting,,,,42557371,,,0," $4,809 "," $1,080 ",, Y ,2012
007002597,,DANIELA TABLE LAMP SHADE,Lighting,,,,,,,0, $-   , $-   ,,Y,#N/A
007003129,,DANIELLA TL BASE ONLY,Lighting,,,Display,42508267,,,0," $1,365 ", $384 ,, Y ,2019
007002284,,BLUFF OAK SERVER,Furniture,,,Display,,,,0, $-   , $-   ,, Y ,#N/A
007003200,,BRADBURN SOFA,Furniture,,,Display,,,,0, $-   , $-   ,, Y ,#N/A
007000711,,DARIEN FLOOR LAMP,Lighting,,,,,,,0, $-   , $-   ,, Y ,#N/A
007002548,,DARIEN FLOOR LAMP,Lighting,,,Display,,,,0, $-   , $-   ,, Y ,#N/A
007000708,,DARIEN LAMP SHADE,Lighting,,,,,,,0, $-   , $-   ,, Y ,#N/A
007002795,,BRIXTON END TABLE,Furniture,,polo,Display,43520496,,,Sellable, $-   , $-   ,,,#N/A
007000709,,DARIEN LAMP SHADE,Lighting,,,,,,,0, $-   , $-   ,, Y ,#N/A
007000713,,DARIEN LAMP SHADE,Lighting,,,,,,,0, $-   , $-   ,, Y ,#N/A
007000714,,DARIEN LAMP SHADE,Lighting,,,,,,,0, $-   , $-   ,, Y ,#N/A
007001205,,DAWES SCONCE PN,Lighting,,,,,,,0, $-   , $-   ,, Y ,#N/A
007002607,,DORIS MEDIUM TABLE LAMP SHADE,Lighting,,,,,,,0, $-   , $-   ,, Y ,#N/A
007002631,,DORIS MEDIUM TABLE LAMP SHADE,Lighting,,,Display,,,,0, $-   , $-   ,, Y ,#N/A
007002585,,DOWNING FLOOR LAMP,Lighting,,,,75090662,,,0," $1,299 ", $318 ,, Y ,2023
007001883,,BRIXYON END TABLE,Furniture,,polo,Display,43614635,,,Sellable," $8,095 "," $2,778 ",, Y ,2020
007002602,,DOWNING FLOOR LAMP,Lighting,,,,75090670,,,0," $1,299 ", $320 ,, Y ,2023
007002608,,DOWNING FLOOR LAMP SHADE,Lighting,,,,,,,0, $-   , $-   ,, Y ,#N/A
007002609,,DOWNING FLOOR LAMP SHADE,Lighting,,,,,,,0, $-   , $-   ,, Y ,#N/A
007001175,,ELLIS BEDSIDE  TABLE LAMP SHADE RL3965PN,Lighting,,,,,,,0, $-   , $-   ,, Y ,#N/A
007001168,,ELLIS BEDSIDE LAMP,Lighting,,,,42485490,,,0," $2,639 ", $679 ,, Y ,2019
007002575,,ELLIS BEDSIDE LAMP IN NB,Lighting,,,,42522003,,,0," $3,099 ", $655 ,, Y ,2016
006310184,,ELLIS BEDSIDE LAMP PN (BASE) / RL3965PN-Q-P,Lighting,,,,42485490,,,0," $2,639 ", $679 ,, Y ,2019
006316109,,ELLIS BEDSIDE LAMP PN (BASE) / RL3965PN-Q-P / (SHADE) IS ASSET 006316107,Lighting,,,,42485490,,,0," $2,639 ", $679 ,, Y ,2019
006316110,,ELLIS BEDSIDE LAMP PN (BASE) / RL3965PN-Q-P / (SHADE) IS ASSET 006316108,Lighting,,,,42485490,,,0," $2,639 ", $679 ,, Y ,2019
006316107,,ELLIS BEDSIDE LAMP PN (SHADE) / RL3965PN-Q-P / (BASE) IS ASSET 006316109,Lighting,,,,42485490,,,0," $2,639 ", $679 ,, Y ,2019
006304730,,BRK ST DIN SID CH/763-28,Furniture,,,Display,,,,0, $-   , $-   ,, Y ,#N/A
007001322,,BROOK STREET CLUB CHAIR,Furniture,,polo,Display,7686657,,,Sellable, $-   , $-   ,, Y ,#N/A
006317392,,BOXSPRING,Prop,,,,,,,0, $-   , $-   ,,,#N/A
006316108,,ELLIS BEDSIDE LAMP PN (SHADE) / RL3965PN-Q-P / (BASE) IS ASSET 6316108,Lighting,,,,42485490,,,0," $2,639 ", $679 ,, Y ,2019
007001902,,ELLIS BEDSIDE LAMP WITH SHADE,Lighting,,,Display,42485490,,,0," $2,639 ", $679 ,, Y ,2019
007001174,,ELLIS BEDSIDE TABLE LAMP,Lighting,,,,42485490,,,0," $2,639 ", $679 ,, Y ,2019
007002571,,ELLIS LAMP SHADE,Lighting,,,,,,,0, $-   , $-   ,, Y ,#N/A
006318973,,ELLIS TABLE LAMP PN (BASE) / RL3966PN-Q-P,Lighting,,,,42485490,,,0," $2,639 ", $679 ,, Y ,2019
007001190,,ELLIS TABLE LAMP W/ SHADE,Lighting,,,,42485490,,,0," $2,639 ", $679 ,, Y ,2019
007003109,,"EQUIL FLOOR LAMP, BRONZE",Lighting,,,Display,39746953,,,0," $1,500 ", $263 ,, Y ,2017
007002996,,EQUILBRUM TABLE LAMP,Lighting,,,Display,42557504,,,0," $1,407 ", $291 ,, Y ,2013
007002853,,"EQUILIBRIUM FL, PN",Lighting,,,Display,42557488,,,0," $1,619 ", $363 ,, Y ,2013
007002854,,"EQUILIBRIUM FL, PN",Lighting,,,Display,42557488,,,0," $1,619 ", $363 ,, Y ,2013
007000719,,EQUILIBRIUM FLOOR LAMP,Lighting,,,,42557488,,,0," $1,619 ", $363 ,, Y ,2013
007000720,,EQUILIBRIUM FLOOR LAMP,Lighting,,,,42557488,,,0," $1,619 ", $363 ,, Y ,2013
007003243,,BRYCE SIDE TABLE,Furniture,,,Display,,,,0, $-   , $-   ,,,#N/A
007003151,,EQUILIBRIUM FLOOR LAMP IN PN,Lighting,,,Display,42557488,,,0," $1,619 ", $363 ,, Y ,2013
006320877,,EQUILIBRIUM FLOOR LAMP PN RL11170PN,Lighting,,,,42557488,,,0," $1,619 ", $363 ,, Y ,2013
006297780,,EQUILIBRIUM TABLE LAMP PN / RL11173PN,Lighting,,,,42557488,,,0," $1,619 ", $363 ,, Y ,2013
007003190,,BURNHAM SOFA,Furniture,,,Display,,,,0, $-   , $-   ,,,#N/A
006315097,,EVANS DOUBLE ARM SCONCE PN (SHADES) / RL2007PN-P / GOES WITH ASSET 006315096,Lighting,,,,,,,0, $-   , $-   ,, Y ,#N/A
007002760,,CANNES GUERIDON END TABLE,Furniture,,polo,Display,43614544,,,Sellable," $7,395 "," $2,384 ",,,2020
007003140,,CANNES GUERIDON END TABLE,Furniture,,polo,Display,43614544,,,Sellable," $7,395 "," $2,384 ",,,2020
007000094,,CANNES GUERIDON TABLE,Furniture,,polo,Display,44719144,,,Sellable," $5,320 "," $1,351 ",,,2020
7001749,,CF1 LOUNGE CHAIR,Furniture,,polo,Display,16642563,,,Sellable," $16,500 "," $4,940 ",,,2006
007003231,,CLIVEDON ARM CHAIR,Furniture,,polo,Display,46220596,,,Sellable," $6,665 "," $1,895 ",,,2024
006315096,,EVANS DOUBLE ARM SCONCE PN / RL2007PN-P / SHADES ARE ASSET 006315097,Lighting,,,,,,,0, $-   , $-   ,, Y ,#N/A
007001176,,EVANS DOUBLE SCONE,Lighting,,,,,,,0, $-   , $-   ,, Y ,#N/A
006310373,,EVANS LIBRARY SCONCE IN BZ W/PERCALL SHADE /RL2004BZ-P,Lighting,,,,42557546,,,0, $389 , $87 ,, Y ,2014
007002971,,FAIR PHARM FLOOR LAMP,Lighting,,,Display,42485516,,,0, $795 , $178 ,, Y ,2019
007002972,,FAIR PHARM FLOOR LAMP,Lighting,,,Display,42485516,,,0, $795 , $178 ,, Y ,2019
007002976,,FAIR PHARM FLOOR LAMP,Lighting,,,Display,42485516,,,0, $795 , $178 ,, Y ,2019
007002977,,FAIR PHARM FLOOR LAMP,Lighting,,,Display,42485516,,,0, $795 , $178 ,, Y ,2019
007002855,,"FAIR PHARMACY LAMP, PN",Lighting,,,Display,42522060,,,0," $1,039 ", $229 ,, Y ,2011
007000031,,COLORADO CLUB CHAIR,Furniture,,Polo,Display,75138123,,,Sellable," $8,327 "," $3,634 ",,,2024
007003187,,CONSERVATORY GARDEN HOST CHAIR,Furniture,,Polo,Display,43614579,,,Sellable, $-   , $-   ,,,#N/A
007003188,,CONSERVATORY GARDEN HOST CHAIR,Furniture,,Polo,Display,43614579,,,Sellable, $-   , $-   ,,,#N/A
007003189,,CONSERVATORY GARDEN HOST CHAIR,Furniture,,Polo,Display,43614579,,,Sellable, $-   , $-   ,,,#N/A
007000113,,MATTRESS,Prop,,,,,,,0, $-   , $-   ,,,#N/A
007000114,,BOX SPRING,Prop,,,,,,,0, $-   , $-   ,,,#N/A
007002979,,FAIRFIELD FLOOR LAMP NB,Lighting,,,Display,42557629,,,0," $1,039 ", $227 ,, Y ,2010
007003251,,COTE AZUL STOOL,Furniture,,,Display,,,,0, $-   , $-   ,,,#N/A
006315086,,FAIRFIELD PHARMACY FL IN NB,Lighting,,,,42557629,,,0," $1,039 ", $227 ,, Y ,2010
006297782,,FAIRFIELD pharmacy fl lamp,Lighting,,,,42522060,,,0," $1,039 ", $229 ,, Y ,2011
007000565,,FAIRFIELD PHARMACY FLOOR LAMP,Lighting,,,,42522060,,,0," $1,039 ", $229 ,, Y ,2011
007001890,,FAIRFIELD PHARMACY FLOOR LAMP,Lighting,,,Display,42557629,,,0," $1,039 ", $227 ,, Y ,2010
006317314,,COTE D''AZUR QUEEN BED 184-03 FOOTBOARD,Furniture,,Polo,Display,45942497,,,Sellable," $5,830 "," $2,607 ",,,2022
007002568,,FAIRFIELD PHARMACY FLOOR LAMP,Lighting,,,Display,42557629,,,0," $1,039 ", $227 ,, Y ,2010
007001951,,FAIRFIELD PHARMACY FLOOR LAMP IN NB,Lighting,,,Display,42557629,,,0," $1,039 ", $227 ,, Y ,2010
006309587,,FAIRFIELD PHARMACY FLOOR LAMP IN NB/11165BN,Lighting,,,,42557629,,,0," $1,039 ", $227 ,, Y ,2010
007001943,,FAIRFIELD PHARMACY FLOOR LAMP IN PN,Lighting,,,Display,42522060,,,0," $1,039 ", $229 ,, Y ,2011
006317315,,COTE D''AZUR QUEEN BED 184-03 SIDERAILS AND HARDWARE,Furniture,,Polo,Display,,,,Sellable, $-   , $-   ,,,#N/A
006317313,,COTE D''AZUR QUEEN BED HEADBOARD 184-03,Furniture,,Polo,Display,,,,Sellable, $-   , $-   ,,,2020
007001765,,CUSHING ETAGERE,Furniture,,polo,Display,43617748,,,Sellable, $-   , $-   ,,,#N/A
007002774,,CUSHING ETAGERE,Furniture,,polo,Display,43614478,,,Sellable," $7,295 "," $2,251 ",, Y ,#REF!
007002968,,DALEHURST LARGE CONSOLE,Furniture,,polo,Display,44891695,,,0," $5,395 "," $1,574 ",,,2021
007000437,,QUEEN MATTRESS,Prop,,,,,,,0, $-   , $-   ,,,#N/A
007002967,,DALTON SIDE CHAIR,Furniture,,,Display,,,,0, $-   , $-   ,,,#N/A
007001663,,DALTON SIDE TABLE,Furniture,,Polo,Display,75246470,,,Sellable," $5,545 "," $1,363 ",,,2024
006318466,,DALTON UPHOLSTERED SIDE DINING CHAIR,Furniture,,,Display,,,,0, $-   , $-   ,,,#N/A
006320921,,FAIRFIELD PHARMACY FLOOR LAMP PN / RL11165PN,Lighting,,,,42522060,,,0," $1,039 ", $229 ,, Y ,2011
007001785,,FAIRFIELD PHARMACY LAMP,Lighting,,,Display,42522060,,,0," $1,039 ", $229 ,, Y ,2011
007003235,,DE MOUTON BED BENCH,Furniture,,,Display,,,,0, $-   , $-   ,,,#N/A
007001162,,FALAISE DOUBLE SCONCE,Lighting,,,,75090845,,,0," $1,799 ", $417 ,, Y ,2023
007002635,,DE MOUTON BENCH,Furniture,,,Display,,,,0, $-   , $-   ,,,#N/A
006318760,,FELIX X BASE TABLE LAMP (SHADE) / RL3473CGPN-P / (BASE) IS ASSET 006318759,Lighting,,,,,,,0, $-   , $-   ,, Y ,#N/A
006318759,,FELIX X BASE TABLE LAMP PN (BASE) / RL3473CGPN-P / (SHADE) IS ASSET 006318760,Lighting,,,,42557637,,,0," $1,709 ", $385 ,, Y ,2019
007002990,,FOO DOG MEDIUM,Lighting,,,Display,41830498,,,0," $1,860 ", $294 ,, Y ,2019
007002991,,FOO DOG MEDIUM,Lighting,,,Display,41830418,,,0, $-   , $-   ,, Y ,#N/A
007002981,,FOO DOG MEDIUM FLOOR LAMP W/ SHADE,Lighting,,,Display,42557660,,,0," $1,739 ", $407 ,, Y ,2019
007003144,,FOO DOG MEDIUM LAMP SHADE,Lighting,,,Display,,,,0, $-   , $-   ,, Y ,#N/A
007003068,,FOO DOG MEDIUM LAMP W/ SHADE,Lighting,,,Display,42557660,,,0," $1,739 ", $407 ,, Y ,2019
007002245,,FOO DOG TABLE LAMP SHADE,Lighting,,,Display,,,,0, $-   , $-   ,, Y ,#N/A
007002248,,FOO DOG TABLE LAMP SHADE,Lighting,,,Display,,,,0, $-   , $-   ,, Y ,#N/A
006316620,,FREEMAN TABLE LAMP,Lighting,,,,,,,0, $-   , $-   ,, Y ,#N/A
006316653,,FULTON LARGE PENDANT/ INDUSTRIAL STEEL,Lighting,,,,,,,0, $-   , $-   ,, Y ,#N/A
007001170,,GARNER TABLE LAMP,Lighting,,,,42557959,,,0, $-   , $-   ,, Y ,2011
006316715,,GARNER TABLE LAMP NB,Lighting,,,,42557934,,,0, $-   , $-   ,, Y ,2016
006316717,,GARNER TABLE LAMP NB,Lighting,,,,42557942,,,0, $929 , $207 ,, Y ,2016
007001196,,GRANT LARGE SCONCE  PN,Lighting,,,,,,,0, $-   , $-   ,, Y ,#N/A
007002599,,HALIFAX LARGE COCONUT LAMP,Lighting,,,,40150864,,,0," $1,200 ", $234 ,, Y ,2017
007000794,,HALIFAX LARGE TABLE LAMP SHADE,Lighting,,,,,,,0, $-   , $-   ,, Y ,#N/A
007001899,,HALIFAX LARGE TABLE LAMP SHADE,Lighting,,,Display,,,,0, $-   , $-   ,, Y ,#N/A
007003128,,HALIFAX LARGE TL,Lighting,,,Display,42485557,,,0, $965 , $307 ,, Y ,2019
007002985,,HALIFAX SMALL TL,Lighting,,,Display,42522128,,,0, $929 , $194 ,, Y ,2016
006309562,,HALIFAX TABLE LAMP IN BLACK CERAMIC W/ FAUX DRUM SKIN SHADE/3633BLK-DS,Lighting,,,,35834654,,,0," $1,279 ", $282 ,, Y ,2014
006318877,,DUCHESS SALON CHAIR,Furniture,,polo,Display,45261377,,,Sellable," $6,603 "," $1,590 ",, Y ,2020
007002552,,HIGHCROFT LARGE TABLE LAMP,Lighting,,,Display,74989351,,,0," $3,600 ", $837 ,, Y ,2023
007002553,,HIGHCROFT LARGE TABLE LAMP SHADE,Lighting,,,Display,,,,0, $-   , $-   ,, Y ,#N/A
006303412,,HOLLIS FLOOR LAMP IN NATURAL BRASS RL 1130NB,Lighting,,,,40359416,,,0," $3,000 ", $730 ,, Y ,2018
006306610,,HOLLIS FLOOR LAMP IN NB/RL1130NB,Lighting,,,,40359416,,,0," $3,000 ", $730 ,, Y ,2018
006300338,,hollis flr lamp RL1130NB-L,Lighting,,,,41806449,,,0," $3,150 ", $748 ,, Y ,2019
007002629,,HOLLOWAY XL FLOOR LAMP SHADE,Lighting,,,Display,,,,0, $-   , $-   ,, Y ,#N/A
007002626,,HOLLOWAY XL FLOOR LAMP WITH SHADE,Lighting,,,Display,,,,0, $-   , $-   ,, Y ,#N/A
006316166,,IIONA MEDIUM TABLE LAMP SHADE,Lighting,,,,,,,0, $-   , $-   ,, Y ,#N/A
007001893,,ILONA LAMP,Lighting,,,Display,42474015,,,0," $1,039 ", $218 ,, Y ,2019
007002591,,ILONA MEDIUM TABLE LAMP,Lighting,,,,44244507,,,0, $869 , $192 ,, Y ,2021
006314573,,ISLA CERAMIC LAMP,Lighting,,,,36857928,,,0," $1,201 ", $227 ,, Y ,2015
006314575,,ISLA CERAMIC LAMP SHADE,Lighting,,,,,,,0, $-   , $-   ,, Y ,#N/A
006314576,,ISLA CERAMIC LAMP SHADE,Lighting,,,,,,,0, $-   , $-   ,, Y ,#N/A
006314574,,ISLA LARGE CERAMIC LAMP,Lighting,,,,,,,0, $-   , $-   ,, Y ,#N/A
007001184,,ISLA SMALL TABLE LAMP,Lighting,,,,41834680,,,0," $1,260 ", $292 ,, Y ,2019
007002576,,ISLA SMALL TABLE LAMP,Lighting,,,,,,,0, $-   , $-   ,, Y ,#N/A
006309532,,ISLA SMALL TABLE LAMP IN WHITE LEATHER CERAMIC/3622WLC-L,Lighting,,,,,,,0, $-   , $-   ,, Y ,#N/A
,,,,,,,,,,,,,,,
006303408,,JULIANNE LARGE SMOKE BELL PENDANT IN NATURAL BRASS RL5214NB-CG,Lighting,,,,41836289,,,0," $3,150 ", $766 ,, Y ,2019
006310416,,LAMP SHADE,Lighting,,,,,,,0, $-   , $-   ,, Y ,#N/A
006313163,,LAMP SHADE,Lighting,,,,,,,0, $-   , $-   ,, Y ,#N/A
006313164,,LAMP SHADE,Lighting,,,,,,,0, $-   , $-   ,, Y ,#N/A
006313165,,LAMP SHADE,Lighting,,,,,,,0, $-   , $-   ,, Y ,#N/A
006313166,,LAMP SHADE,Lighting,,,,,,,0, $-   , $-   ,, Y ,#N/A
006313167,,LAMP SHADE,Lighting,,,,,,,0, $-   , $-   ,, Y ,#N/A
006313168,,LAMP SHADE,Lighting,,,,,,,0, $-   , $-   ,, Y ,#N/A
006313169,,LAMP SHADE,Lighting,,,,,,,0, $-   , $-   ,, Y ,#N/A
006313170,,LAMP SHADE,Lighting,,,,,,,0, $-   , $-   ,, Y ,#N/A
006313171,,LAMP SHADE,Lighting,,,,,,,0, $-   , $-   ,, Y ,#N/A
007001801,,DUKE BAR CART PIANO BLACK,Furniture,,polo,Display,76860931,,,0," $10,045 "," $2,513 ",, Y ,2024
007002103,,DUKE DRESSER,Furniture,,polo,Display,77435691,,,0," $11,845 "," $4,675 ",,,2024
007002474,,DUKE EXT DINING TABLE,Furniture,,polo,Display,76609088,,,0, $-   , $-   ,,,#N/A
006313172,,LAMP SHADE,Lighting,,,,,,,0, $-   , $-   ,, Y ,#N/A
007002475,,DUKE EXT DINING TABLE LEAF,Furniture,,polo,Display,no sku,,,0, $-   , $-   ,,,#N/A
007002706,,DUKE EXTENDABLE DINING TABLE BASES,Furniture,,polo,Display,no sku,,,0, $-   , $-   ,,,#N/A
007001779,,DUKE NIGHTSTAND,Furniture,,polo,Display,76312289,,,0," $20,395 "," $4,851 ",, Y ,2024
006313173,,LAMP SHADE,Lighting,,,,,,,0, $-   , $-   ,, Y ,#N/A
007002965,,DUKE SQUARE POUF,Furniture,,polo,Display,43652601,,,0," $8,860 "," $3,240 ",,,2020
006309304,,LANGHAM DISPLAY FLOOR LAMP IN BRASS/RL1388NB,Lighting,,,,41122508,,,0," $4,500 ", $715 ,, Y ,2018
007002168,,DUTCHESS CHAIR,Furniture,,polo,Display,45261377,,,Sellable," $6,603 "," $1,590 ",,,2020
007002169,,DUTCHESS CHAIR,Furniture,,polo,Display,45261377,,,Sellable," $6,603 "," $1,590 ",,,2020
007000024,,EDWARDIAN BOOKCASE,Furniture,,polo,Display,42448449,,,Sellable," $14,486 "," $3,746 ",,,2019
006318891,,EDWARDIAN BOOKCASE (CABINET 1) / WAXED PINE / RL39204-49 / (CABINET 2) IS ASSET 6318892 / (SHELVES) ARE ASSET 6318894 / (CROWN & BASE) ARE ASSET 6318893,Furniture,,polo,Display,43651975,,Missing pieces,0," $39,000 "," $4,218 ",,,2020
006318895,,EDWARDIAN BOOKCASE (CABINET 1) / WAXED PINE / RL39204-49 / (CABINET 2) IS ASSET 6318896 / (SHELVES) ARE ASSET 6318898 / (CROWN & BASE) ARE ASSET 6318897,Furniture,,polo,Display,43614650,,Missing pieces,0," $12,595 "," $3,488 ",, Y ,2020
006318892,,EDWARDIAN BOOKCASE (CABINET 2) / WAXED PINE / RL39204-49 / (CABINET 1) IS ASSET 6318891 / (SHELVES) ARE ASSET 6318894 / (CROWN & BASE) ARE ASSET 6318893,Furniture,,polo,Display,,,Missing pieces,0, $-   , $-   ,, Y ,#N/A
006318896,,EDWARDIAN BOOKCASE (CABINET 2) / WAXED PINE / RL39204-49 / (CABINET 1) IS ASSET 6318895 / (SHELVES) ARE ASSET 6318898 / (CROWN & BASE) ARE ASSET 6318897,Furniture,,polo,Display,,,Missing pieces,0, $-   , $-   ,, Y ,#N/A
006318893,,EDWARDIAN BOOKCASE (CROWN & BASE) / WAXED PINE / RL39204-49 / (CABINET 1) IS ASSET 6318891 / (CABINET 2) IS ASSET 6318892 / (SHELVES) ARE ASSET 6318894,Furniture,,polo,Display,42448449,,Missing pieces,0," $14,486 "," $3,746 ",, Y ,2019
006318897,,EDWARDIAN BOOKCASE (CROWN & BASE) / WAXED PINE / RL39204-49 / (CABINET 1) IS ASSET 6318895 / (CABINET 2) IS ASSET 6318896 / (SHELVES) ARE ASSET 6318898,Furniture,,polo,Display,46036232,,Missing pieces,0," $17,595 "," $4,977 ",, Y ,2024
007002544,,EDWARDIAN BOOKCASE (SHELVES 6 AND 12 SHELF HOLDERS ) WAXED PINE / RL39204-49,Furniture,,polo,Display,46036232,,,0," $17,595 "," $4,977 ",, Y ,2024
006318898,,EDWARDIAN BOOKCASE (SHELVES) / WAXED PINE / RL39204-49 / (CABINET 1) IS ASSET 6318895 / (CABINET 2) IS ASSET 6318896 / (CROWN & BASE) ARE ASSET 6318897,Furniture,,polo,Display,46036232,,Missing pieces,0," $17,595 "," $4,977 ",, Y ,2024
007002729,,ELDRIDGE EXTENDABLE DINING TABLE,Furniture,,polo,Display,,,,0," $5,850 "," $1,463 ",, Y ,#N/A
007002496,,ELLIOT MIRROR,Furniture,,polo,Display,76627603,,,0," $5,850 "," $1,463 ",, Y ,2024
007003258,,ELLIOT MIRROR,Furniture,,polo,Display,76627603,,,0, $-   , $-   ,, Y ,2024
006306729,,LANGHAM LARGE PICTURE LIGHT IN NB/RL2788NB,Lighting,,,,38997763,,,0," $1,819 ", $370 ,, Y ,2024
006314974,,LANGHAM LARGE PITCURE LIGHT,Lighting,,,,41122243,,,0," $1,800 ", $438 ,, Y ,2018
006309306,,LANGHAM LG PIC LIGHT IN BRASS/RL2788NB,Lighting,,,,42485615,,,0," $1,439 ", $339 ,, Y ,2019
007001795,,"LANGLEY 24"" PICTURE LIGHT IN PN",Lighting,,,Display,44008217,,,0," $1,279 ", $266 ,, Y ,2024
007001796,,"LANGLEY 24"" PICTURE LIGHT IN PN",Lighting,,,Display,44008217,,,0," $1,279 ", $266 ,, Y ,2024
007001797,,"LANGLEY 24"" PICTURE LIGHT IN PN",Lighting,,,Display,44008217,,,0," $1,279 ", $266 ,, Y ,2024
007001896,,LANGLEY 32'' PICTURE LIGHT,Lighting,,,Display,44008233,,,0," $1,389 ", $298 ,, Y ,2024
007001792,,"LANGLEY 32"" PICTURE LIGHT IN PN",Lighting,,,Display,44008233,,,0," $1,389 ", $298 ,, Y ,2024
007001793,,"LANGLEY 32"" PICTURE LIGHT IN PN",Lighting,,,Display,44008233,,,0," $1,389 ", $298 ,, Y ,2024
007001794,,"LANGLEY 32"" PICTURE LIGHT IN PN",Lighting,,,Display,44008233,,,0," $1,389 ", $298 ,, Y ,2024
007003057,,LANGLEY 32â€ PIC LIGHT,Lighting,,,Display,44008233,,,0," $1,389 ", $298 ,, Y ,2024
006313179,,EMPIRE PEDESTAL TABLE BASE,Furniture,,polo,Display,,,,0, $-   , $-   ,,,#N/A
007002740,,EMPIRE PEDESTAL TABLE TOP,Furniture,,polo,Display,,,,0, $-   , $-   ,,,#N/A
006313179,,EMPIRE PEDESTAL TABLE TOP/1867-20,Furniture,,polo,Display,,,,0, $-   , $-   ,,,#N/A
007002877,,FAIRVIEW CLUB CHAIR,Furniture,,polo,Display,,,,0, $-   , $-   ,,,#N/A
007003145,,LANGLEY PICTURE LIGHT 32'',Lighting,,,Display,44008233,,,0," $1,389 ", $298 ,, Y ,2024
007001172,,LAYNE TORHCIERE FLOOR LAMP,Lighting,,,,,,,0, $-   , $-   ,, Y ,#N/A
007002487,,"LILLIANNE CHANDELIER W/ SHADES, NB",Lighting,,,Display,42485623,,,0," $6,825 "," $1,810 ",, Y ,2019
007001950,,LOHAN LARGE TABLE LAMP,Lighting,,,Display,44007961,,,0," $1,219 ", $277 ,, Y ,2024
007001952,,LOHAN LARGE TABLE LAMP SHADE,Lighting,,,Display,,,,0, $-   , $-   ,, Y ,#N/A
006316607,,LYNE TORCH FLOOR LAMP,Lighting,,,,,,,0, $-   , $-   ,, Y ,#N/A
006316612,,MARIE SCONCE,Lighting,,,,,,,0, $-   , $-   ,, Y ,#N/A
006316613,,MARIE SCONCE,Lighting,,,,,,,0, $-   , $-   ,, Y ,#N/A
007002551,,MCCARREN SINGLE TIER CHANDELIER IN NB,Lighting,,,Display,43555762,,,0, $649 , $140 ,, Y ,2024
006316652,,METAL BLACK SHADE,Lighting,,,,,,,0, $-   , $-   ,, Y ,#N/A
007002330,,METROLPOLIS TABLE LAMP,Lighting,,,Display,42558577,,,0," $1,389 ", $275 ,, Y ,2014
007002331,,METROPOLIS TABLE LAMP WHITE SHADE,Lighting,,,Display,42558577,,,0," $1,389 ", $275 ,, Y ,2014
007003147,,MODERM TABLE LAMP SHADE,Lighting,,,Display,,,,0, $-   , $-   ,, Y ,#N/A
006318572,,MODERN HURRICANE SCONE,Lighting,,,,38842670,,,0, $900 , $198 ,, Y ,2019
006314130,,Modern Small Lantern,Lighting,,,,43600584,,,0," $1,519 ", $286 ,, Y ,2020
007001200,,MODERN SMALL LANTERN,Lighting,,,,43600584,,,0," $1,519 ", $286 ,, Y ,2020
007001784,,FLORENCE OTTOMAN,Furniture,,polo,Display,45261112,,,0," $5,873 "," $1,949 ",,,2020
006301402,,Modern Small Lantern in Polished Nickel RL5175PN,Lighting,,,,43555721,,,0," $1,849 ", $390 ,, Y ,2013
007000569,,MODERN TABLE LAMP,Lighting,,,,42558775,,,0," $1,279 ", $268 ,, Y ,2012
007002598,,MODERN TABLE LAMP,Lighting,,,,42558775,,,0," $1,279 ", $268 ,, Y ,2012
007002624,,MODERN TABLE LAMP BROZE WITH SHADE,Lighting,,,Display,42558767,,,0," $1,279 ", $260 ,, Y ,2011
007002290,,MODERN TABLE LAMP IN NB,Lighting,,,Display,42485649,,,0," $1,035 ", $209 ,, Y ,2019
007001914,,MODERN TABLE LAMP IN POLISH SILVER,Lighting,,,Display,42558775,,,0," $1,279 ", $268 ,, Y ,2012
007000835,,MODERN TABLE LAMP IN POLISHED SILVER,Lighting,,,,42558775,,,0," $1,279 ", $268 ,, Y ,2012
007000929,,MODERN TABLE LAMP IN PS,Lighting,,,,42558775,,,0," $1,279 ", $268 ,, Y ,2012
007003245,,FLORENCE OTTOMAN,Furniture,,polo,Display,44079804,,,0," $4,155 ", $946 ,,,2020
007003246,,FLORENCE OTTOMAN,Furniture,,polo,Display,45261328,,,0," $3,463 "," $1,018 ",,,2020
007002875,,FLORENCE STOREGE  OTTOMAN,Furniture,,polo,Display,45857422,,,0," $4,695 "," $1,041 ",,,2024
007002876,,FLORENCE STOREGE  OTTOMAN,Furniture,,polo,Display,45857455,,,0," $7,485 "," $1,595 ",,,2024
007002638,,GRANT CHAIR,Furniture,,polo,Display,76606631,,,0," $7,119 "," $3,125 ",,,2024
006316649,,HEIRESS DINING TABLE - MAHOGANY ( BASE ONLY ),Furniture,,polo,Display,43590124,,,0," $27,770 "," $5,657 ",,,2020
007003242,,Heiress dinning table one base only,Furniture,,polo,Display,,,,0, $-   , $-   ,,,#N/A
007002982,,MODERN TABLE LAMP NB,Lighting,,,Display,42485649,,,0," $1,035 ", $209 ,, Y ,2019
006318818,,HEIRESS DOUBLE PEDESTAL TABLE TOP LEAFS,Furniture,,polo,Display,,,,0, $-   , $-   ,,,#N/A
007000798,,MODERN TABLE LAMP SHADE,Lighting,,,,,,,0, $-   , $-   ,, Y ,#N/A
007000799,,MODERN TABLE LAMP SHADE,Lighting,,,,,,,0, $-   , $-   ,, Y ,#N/A
007002770,,HITHER HILLS STUDIO DINING CHAIR,Furniture,,polo,Display,42553560,,,0," $5,370 "," $1,343 ",,,2019
007002586,,MODERN TABLE LAMP SHADE,Lighting,,,,,,,0, $-   , $-   ,, Y ,#N/A
007002627,,MODERN TABLE LAMP SHADE,Lighting,,,Display,,,,0, $-   , $-   ,, Y ,#N/A
006310414,,MODERN TABLE LAMP W/SHADE/RL11167DS-P,Lighting,,,,42558775,,,0," $1,279 ", $268 ,, Y ,2012
006318871,,NOLAN LOFT FLOOR LAMP BLK (BASE)  / RL1151BLK-P / (SHADE) IS ASSET 006318878,Lighting,,,,42508614,,,0," $1,199 ", $384 ,, Y ,2019
007000170,,NOLAN LOFT FLOOR LAMP BLK (BASE) / RL1151BLK-P / (SHADE) IS ASSET 007000171,Lighting,,,,42508614,,,0," $1,199 ", $384 ,, Y ,2019
007000171,,NOLAN LOFT FLOOR LAMP BLK (SHADE) / RL1151BLK-P / (BASE) IS ASSET 007000170,Lighting,,,,42508614,,,0," $1,199 ", $384 ,, Y ,2019
006318878,,NOLAN LOFT FLOOR LAMP BLK (SHADE) / RL1151BLK-P / (BASE) IS ASSET 6318871,Lighting,,,,42508614,,,0," $1,199 ", $384 ,, Y ,2019
007001762,,IRVING LOUNGE CHAIR,Furniture,,polo,Display,74710062,,,Sellable," $6,585 "," $1,742 ",,,2024
007001712,,JAMAICA QUEEN BED FB,Furniture,,polo,Display,43614791,,,Sellable," $7,950 "," $1,669 ",,,2020
007001713,,JAMAICA QUEEN BED HB,Furniture,,polo,Display,,,,Sellable," $1,000,000 ", $-   ,,,#N/A
007001711,,JAMAICA QUEEN BED SR/SLATES,Furniture,,polo,Display,,,,Sellable, $-   , $-   ,,,#N/A
006314227,,OAH 41''MODERN LARGE LANTERN,Lighting,,,,,,,0, $-   , $-   ,, Y ,#N/A
007001913,,PAPER LAMP SHADE,Lighting,,,Display,,,,0, $-   , $-   ,, Y ,#N/A
007001791,,PERREN MEDIUM WALL SCONCE IN PN,Lighting,,,Display,43839745,,,0," $1,629 ", $353 ,, Y ,2020
007002870,,JAMAICA WOVEN DINING CHAIR,Furniture,,polo,Display,78042579,,,Sellable, $-   , $-   ,, Y ,2024
007003210,,KERRY CHAIR,Furniture,,polo,Display,76425594,,,Sellable," $10,511 "," $2,780 ",, Y ,2024
007002433,,LANGHAM CHAIR,Furniture,,,Display,,,,0, $-   , $-   ,,,#N/A
007002522,,ROLL OF FABRIC,Fabric,,,Display,,,,0, $-   , $-   ,,,#N/A
007002523,,CLIFF STRIPE HARBOR RUG,Rug,,,Display,,,,0, $-   , $-   ,,,#N/A
007002525,,WAINSCOTT FLORAL VINTAGE ROSE (20 YRDS ),Fabric,,,Display,,,,0, $-   , $-   ,,,#N/A
007003125,,LANGHAM DESK BASE,Furniture,,polo,Display,43652338,,,Sellable," $11,470 "," $2,833 ",,,2020
007003202,,LANGHAM DESK BASE,Furniture,,polo,Display,42448324,,,Sellable," $11,550 "," $2,888 ",,,2019
007001790,,PERREN MIDIUM WALL SCONCE IN PN,Lighting,,,Display,43839745,,,0," $1,629 ", $353 ,, Y ,2020
007000161,,QUINCY FLOOR LAMP VO (SHADE) / RL1716VO-WP / (BASE) IS ASSET 006303559,Lighting,,,,35768159,,,0, $-   , $-   ,, Y ,2017
007001693,,RIVINGTON MEDIUM 8-PANEL CHANDELIER,Lighting,,,,44261501,,,0," $5,529 "," $1,038 ",, Y ,2016
007000779,,RIVINGTON MEDIUM PENDANT,Lighting,,,,44261501,,,0," $5,529 "," $1,038 ",, Y ,2016
007000716,,RIVINGTON SHIELD SCONCE,Lighting,,,,42508341,,,0, $799 , $231 ,, Y ,2019
007002555,,TRADE ROUTE STRIPE RUG,Rug,,,Display,,,,0, $-   , $-   ,,,#N/A
007002452,,LANGHAM DESK GLASS TOP,Furniture,,,Display,,,,0, $-   , $-   ,,,#N/A
006318862,,RIVINGTON SHIELD SCONCE BZ / RL2066BZ,Lighting,,,,42485698,,,0, $799 , $207 ,, Y ,2019
007003130,,RL 67 BOOM ARM FL,Lighting,,,Display,42508622,,,0," $1,305 ", $416 ,, Y ,2019
006301535,,RL 67 BOOM ARM FLOOR LAMP BZ / RL14028BZ,Lighting,,,,42508622,,,0," $1,305 ", $416 ,, Y ,2019
007000133,,RL 67 BOOM ARM FLOOR LAMP BZ / RL14028BZ,Lighting,,,,42508622,,,0," $1,305 ", $416 ,, Y ,2019
006316164,,RL 67 BOOM ARM TABLE LAMP PN / RL14030PN,Lighting,,,,35999523,,,0, $459 , $255 ,, Y ,2018
006309536,,RL ''67 BOOM ARM WALL LAMP IN NB/14029BN,Lighting,,,,42559351,,,0, $769 , $188 ,, Y ,2010
006309537,,RL ''67 BOOM ARM WALL LAMP IN NB/14029BN,Lighting,,,,42559351,,,0, $769 , $188 ,, Y ,2010
007002578,,BARRAGAN STRIPE RUG,Rug,,,,,,,0, $-   , $-   ,,,#N/A
007002579,,SAGAPONECK STRIPE RUG,Rug,,,,,,,0, $-   , $-   ,,,#N/A
007002580,,SAGAPONECK STRIPE RUG,Rug,,,,,,,0, $-   , $-   ,,,#N/A
007002581,,SAGAPONECK STRIPE RUG,Rug,,,,,,,0, $-   , $-   ,,,#N/A
007001180,,RL 67' SWING ARM FLOOR LAMP NB,Lighting,,,,42559260,,,0," $1,218 ", $258 ,, Y ,2011
007001207,,RL 67' SWING ARM WALL LAMP,Lighting,,,,42559351,,,Sellable, $769 , $188 ,, Y ,2010
006318986,,RL ''67 SWING ARM WALL LAMP BRONZE,Lighting,,,,45273109,,,0, $769 , $144 ,, Y ,2011
007000155,,RL 67 SWING ARM WALL LAMP BZ / RL14030BZ,Lighting,,,,45273109,,,0, $769 , $144 ,, Y ,2011
007000156,,RL 67 SWING ARM WALL LAMP BZ / RL14030BZ,Lighting,,,,45273109,,,0, $769 , $144 ,, Y ,2011
007002593,,RL67' BOOM ARM FLOOR LAMP,Lighting,,,,34569624,,,0," $1,619 ", $343 ,, Y ,2010
007002596,,RL67' BOOM ARM FLOOR LAMP,Lighting,,,,34569624,,,0," $1,619 ", $343 ,, Y ,2010
007001167,,RLâ€™67 SWING ARM FLOOR LAMP,Lighting,,,,34569624,,,0," $1,619 ", $343 ,, Y ,2010
007000619,,ROARK RECTANGULAR CHANDELIER`,Lighting,,,,42559435,,,0," $2,309 ", $433 ,, Y ,2015
007001559,,ROBERSTON CHANDELIER,Lighting,,,,41086695,,,0," $3,600 ", $565 ,, Y ,2018
006314453,,ROUND LINE SHADE FOR RL1090,Lighting,,,,,,,0, $-   , $-   ,, Y ,#N/A
007002292,,ROUND LINEN SHADE FOR RL3622,Lighting,,,Display,,,,0, $-   , $-   ,, Y ,#N/A
006316637,,ROUND SHADE,Lighting,,,,,,,0, $-   , $-   ,, Y ,#N/A
006316639,,ROUND SHADE,Lighting,,,,,,,0, $-   , $-   ,, Y ,#N/A
006316640,,ROUND SHADE,Lighting,,,,,,,0, $-   , $-   ,, Y ,#N/A
006316641,,ROUND SHADE,Lighting,,,,,,,0, $-   , $-   ,, Y ,#N/A
006311504,,ROUND SHADE (LAMP SHADE),Lighting,,,,,,,0, $-   , $-   ,, Y ,#N/A
006292854,,ROUND SHADE ROOM CH,Lighting,,,,,,,0, $-   , $-   ,, Y ,#N/A
006316643,,ROUND SILK SHADE,Lighting,,,,,,,0, $-   , $-   ,, Y ,#N/A
007003126,,LANGHAM DESK TOP,Furniture,,,Display,,,,0, $-   , $-   ,,,#N/A
006316601,,ROUND WHITE PAPER CLOSED TOP SHADE,Lighting,,,,,,,0, $-   , $-   ,, Y ,#N/A
006316669,,ROUND WHITE PAPER CLOSED TOP SHADE,Lighting,,,,,,,0, $-   , $-   ,, Y ,#N/A
006316596,,ROUND WHITE PAPER SHADE,Lighting,,,,,,,0, $-   , $-   ,, Y ,#N/A
006316642,,ROUND WHITE PAPER SHADE,Lighting,,,,,,,0, $-   , $-   ,, Y ,#N/A
006316152,,SABLE SMALL CHANDELIER CRYSTAL/POLISHED NICKEL,Lighting,,,,44244515,,,0," $3,185 ", $602 ,, Y ,2021
006311510,,SCONCE PLUS TWO METAL SHADES-RL2252PN,Lighting,,,,,,,0, $-   , $-   ,, Y ,#N/A
006313482,,SHADE / HOLIDAY,Lighting,,,,,,,0, $-   , $-   ,, Y ,#N/A
006313483,,SHADE / HOLIDAY,Lighting,,,,,,,0, $-   , $-   ,, Y ,#N/A
007003249,,LARGE DINING TABLE,Furniture,,,Display,,,,0, $-   , $-   ,,,#N/A
007003257,,LARGE DINING TABLE BASES,Furniture,,,Display,,,,0, $-   , $-   ,,,#N/A
006309527,,LAUREL COCKTAIL TABLE / WAXED MAHOGANY / RL39520-40,Furniture,,,Display,,,,0, $-   , $-   ,,,#N/A
007001324,,LAWSON ARM CHAIR,Furniture,,polo,Display,42554196,,,Sellable," $6,090 "," $1,523 ",,,2019
006313991,,LAWSON UPHOLSTERED CHAIR / RLU39500-27,Furniture,,polo,Display,74544933,,,Sellable," $5,675 "," $1,154 ",,,2024
007000427,,LAWSON UPHOLSTERED CHAIR / RLU39500-27,Furniture,,polo,Display,7454493,,,Sellable, $-   , $-   ,, Y ,#N/A
006316597,,LEAF FOR DUKE DINING TABLE,Furniture,,,Display,,,,0, $-   , $-   ,, Y ,#N/A
007003234,,LONDON CLUB CHAIR,Furniture,,polo,Display,74693474,,,Sellable," $9,245 "," $2,444 ",,,2024
007001749,,LOUNGE CHAIR,Furniture,,polo,Display,44881852,,,Sellable," $10,610 "," $2,040 ",, Y ,2020
007002859,,MAYFAIR CENTER  TABLE,Furniture,,polo,Display,42448241,,,Sellable, $-   , $-   ,, Y ,2019
007003136,,MAYFAIR CENTER TABLE BASE,Furniture,,,Display,,,,0, $-   , $-   ,,,#N/A
007003137,,MAYFAIR CENTER TABLE TOP,Furniture,,,Display,,,,0, $-   , $-   ,,,#N/A
006309612,,MAYFAIR DINING ARM CHAIR / RLU30000-27,Furniture,,polo,Display,40353708,,,Sellable," $5,160 "," $1,290 ",, Y ,2018
006316635,,MAYFAIR OCCASIONAL CHAIR,Furniture,,polo,Display,43614940,,,Sellable," $4,659 "," $1,193 ",,,2020
007000167,,MAYFAIR OCCASIONAL CHAIR,Furniture,,,Display,,,,0, $-   , $-   ,,,#N/A
007002083,,MAYFAIR OCCASIONAL CHAIR,Furniture,,polo,Display,43614940,,,Sellable," $4,659 "," $1,193 ",,,2020
007002944,,MAYFAIR SIDE TABLE,Furniture,,polo,Display,43652544,,,Sellable, $-   , $-   ,, Y ,2020
006313484,,SHADE / HOLIDAY,Lighting,,,,,,,0, $-   , $-   ,, Y ,#N/A
006313485,,SHADE / HOLIDAY,Lighting,,,,,,,0, $-   , $-   ,, Y ,#N/A
007002888,,MAYFAIR TUFTED CHAIR,Furniture,,polo,Display,41042318,,,0," $8,710 "," $1,830 ",,,2018
007002946,,MAYFAIR TUFTED CHAIR,Furniture,,polo,Display,74544867,,,Sellable," $8,415 "," $1,860 ",,,2024
007002997,,MAYFAIR TUFTED CHAIR,Furniture,,polo,Display,74544867,,,Sellable," $8,415 "," $1,860 ",, Y ,2024
006309541,,SHADE FOR CAGAN SMALL TABLE LAMP IN CLEAR CARVED GLASS/3921CCG-P,Lighting,,,,,,,0, $-   , $-   ,, Y ,#N/A
006309592,,SHADE FOR DARIEN FLOOR LAMP IN NB,Lighting,,,,,,,0, $-   , $-   ,, Y ,#N/A
006316718,,SHADE FOR GARDNER TABLE LAMP,Lighting,,,,,,,0, $-   , $-   ,, Y ,#N/A
006316716,,SHADE FOR GARNER TABLE LAMP,Lighting,,,,,,,0, $-   , $-   ,, Y ,#N/A
006309563,,SHADE FOR HALIFAX TABLE LAMP IN BLACK CERAMIC W/ FAUX DRUM SKIN SHADE/3633BLK-DS,Lighting,,,,,,,0, $-   , $-   ,, Y ,#N/A
007002621,,SHADE FOR ISLA SMALL TABLE LAMP,Lighting,,,Display,,,,Sellable, $-   , $-   ,, Y ,#N/A
007002863,,MAYFAIR TUFTED QUEEN BED FB,Furniture,,polo,Display,46157725,,,Sellable, $-   , $-   ,,,#N/A
007002862,,MAYFAIR TUFTED QUEEN BED HB,Furniture,,polo,Display,,,,Sellable, $-   , $-   ,,,#N/A
007002864,,MAYFAIR TUFTED QUEEN BED HF,Furniture,,polo,Display,,,,Sellable, $-   , $-   ,,,#N/A
007003273,,MODERN DRUM END TABLE,Furniture,,polo,Display,43652049,,,Sellable," $5,550 "," $1,221 ",,,2020
007001918,,MODERN HOLLYWOOD BENCH,Furniture,,polo,Display,44512291,,,Sellable," $5,550 "," $1,229 ",,,2020
007002964,,MODERN HOLLYWOOD NIGHTSTAND,Furniture,,polo,Display,44512291,,,Sellable," $5,550 "," $1,229 ",,,2020
007002545,,MODERN HOLLYWOOD OTTOMAN,Furniture,,polo,Display,45863057,,,Sellable," $3,535 ", $687 ,, Y ,2024
007002861,,MODERN HOLLYWOOD OTTOMAN,Furniture,,polo,Display,77225332,,,Sellable," $6,077 "," $1,988 ",,,2024
007003170,,MODERN HOLLYWOOD OTTOMANS,Furniture,,polo,Display,,,,Sellable, $-   , $-   ,,,#N/A
007003069,,MODERN METRO RIGHT NIGHTSTAND,Furniture,,polo,Display,77699916,,,Sellable, $-   , $-   ,,,#N/A
006317902,,MODERN METROPOLIS BEDSIDE CHEST,Furniture,,polo,Display,43652056,,,Sellable," $10,195 "," $1,608 ",, Y ,2020
007003071,,MOORE WOOD TABLE TOP ONLY,Furniture,,polo,Display,74548900,,,Sellable," $13,050 "," $3,128 ",,,2024
006295898,,Mordern Hollywood Ottoman RA11474 - NORRIS/SCHAPE,Furniture,,,Display,,,,0, $-   , $-   ,,,#N/A
007002639,,NEW BOHEMIAN ARTIST CHAIR,Furniture,,polo,Display,75090522,,,Sellable," $9,013 "," $2,963 ",,,2024
007003205,,NEW BOHEMIAN COCKTAIL TABLE,Furniture,,polo,Display,43615095,,,Sellable," $4,095 "," $1,361 ",,,2020
007001431,,NOBLE ESTATE BEDSIDE TABLE,Furniture,,polo,Display,43652072,,,Sellable," $5,200 "," $1,713 ",,,2020
007003168,,NOBLE ESTATE DINNING CHAIR,Furniture,,polo,Display,45000114,,,Sellable," $2,895 ", $911 ,,,2020
007003169,,NOBLE ESTATE DINNING CHAIR,Furniture,,polo,Display,45261351,,,Sellable," $4,164 "," $1,219 ",,,2020
006309535,,SHADE FOR ISLA SMALL TABLE LAMP IN WHITE LEATHER CERAMIC/3622WLC-L,Lighting,,,,,,,0, $-   , $-   ,, Y ,#N/A
006316600,,SHADE FOR RL15808PS,Lighting,,,,,,,0, $-   , $-   ,, Y ,#N/A
007002332,,SHADE FOR RL39,Lighting,,,Display,,,,0, $-   , $-   ,, Y ,#N/A
007001169,,SHADE FOR RL3965,Lighting,,,,,,,0, $-   , $-   ,, Y ,#N/A
007001242,,SILK BOX PLEAT SHADE,Lighting,,,,,,,0, $-   , $-   ,, Y ,#N/A
006311512,,SINGLE AYMELINE-RL2105BS-S,Lighting,,,,42556415,,,0, $809 , $182 ,, Y ,2011
006310188,,SQUARE CLOSED TOP PERCAL TO RL3966PN/Q-P,Lighting,,,,,,,0,0,0,, Y ,#N/A
006314389,,SQUARE PERCALE SHADE,Lighting,,,,,,,0,0,0,, Y ,#N/A
007001197,,SWING ARM TABLE LAMP NB,Lighting,,,,42559260,,,0," $1,218 ", $258 ,, Y ,2011
007002983,,SYDNEE GOURD LAMP,Lighting,,,Display,44007987,,,0," $1,279 ", $285 ,, Y ,2024
006310359,,UPPER FIFTH TABLE LAMP IN BROWN CROC LEATHER/RL3470BRN-S,Lighting,,,,,,,0, $-   , $-   ,, Y ,#N/A
006306759,,UPTON LARGE LANTERN IN BRONZE/RL5156BZ,Lighting,,,,42559617,,,0," $2,189 ", $470 ,, Y ,2024
006316617,,UPTON LARGE SCONCE,Lighting,,,,42559633,,,0, $929 , $154 ,, Y ,2012
006320878,,UPTON LARGE SCONCE,Lighting,,,,42559633,,,0, $929 , $154 ,, Y ,2012
006314966,,UPTON SCONCE,Lighting,,,,43600527,,,0, $725 , $136 ,, Y ,2020
007002636,,ONE FIFTH OTTOMAN,Furniture,,,Display,,,,0, $-   , $-   ,,,#N/A
007003195,,ONE FIFTH OTTOMAN,Furniture,,,Display,,,,0, $-   , $-   ,,,#N/A
007002611,,ONE FIFTH WALL MIRROR,Furniture,,polo,Display,44044287,,,Sellable," $9,595 "," $3,066 ",,,2020
007003275,,PARKER DINNING ARMCHAIR,Furniture,,polo,Display, ,,,Sellable, $-   , $-   ,,,#N/A
007001767,,PARKER QUEEN BED FB,Furniture,,polo,Display,4403594,,,Sellable, $-   , $-   ,,,#N/A
006314965,,UPTON SCONCES,Lighting,,,,43600527,,,0, $725 , $136 ,, Y ,2020
007001766,,PARKER QUEEN BED HB,Furniture,,polo,Display,,,,Sellable, $-   , $-   ,,,#N/A
007002338,,VARICK FLOOR LAMP WHITE PAPER SHADE,Lighting,,,Display,,,,Sellable, $-   , $-   ,, Y ,#N/A
006310380,,VARICK FLOOR LIGHT IN NB/RL1345NB,Lighting,,,,,,,0, $-   , $-   ,, Y ,#N/A
007001204,,VARICK TABLE LAMP,Lighting,,,,42559641,,,0," $1,389 ", $323 ,, Y ,2014
006310412,,VARICK TABLE LAMP CRYSTAL IN NB W/SHADE/RL3941CG/NB-P,Lighting,,,,42485755,,,0," $1,139 ", $307 ,, Y ,2019
007001768,,PARKER QUEEN BED SR,Furniture,,polo,Display,,,,Sellable, $-   , $-   ,,,#N/A
007000236,,PARKER SIDE TABLE,Furniture,,polo,Display,44044147,,,Sellable," $3,495 ", $968 ,,,2020
006318423,,PARKER SIDE TABLE STAINLESS STEEL,Furniture,,,Display,,,,0, $-   , $-   ,,,#N/A
007001186,,VARICK TABLE LAMP NB W/ SHADE,Lighting,,,,42485755,,,0," $1,139 ", $307 ,, Y ,2019
007000176,,WARNER PHARMACY FLOOR LAMP PN /  RL1145CG-PN,Lighting,,,,42559682,,,0," $2,079 ", $481 ,, Y ,2024
006303803,,PENTHOUSE SUITE FLUTED COMMODE/35010-48,Furniture,,polo,Display,43652734,,,Sellable, $-   , $-   ,,,2020
007000700,,PERRIN SIDE TABLE,Furniture,,polo,Display,43520535,,,Sellable," $4,295 ", $862 ,,,2019
006306604,,WARNER PHARMACY TABLE LAMP/RL3147CG/NB,Lighting,,,,,,,0, $-   , $-   ,, Y ,#N/A
007002488,,WESTBURY LANTERN,Lighting,,,Display,44261626,,,0," $3,909 ", $794 ,, Y ,2013
006314132,,WESTBURY LANTERN NB RL5180NB,Lighting,,,,4300592,,,0, $-   , $-   ,, Y ,#N/A
007001183,,WESTBURY MIRRORED SCONCE,Lighting,,,,43587096,,,0," $1,089 ", $239 ,, Y ,2024
007000240,,PRYCE BEDROOM CHEST,Furniture,,,Display,,,,0, $-   , $-   ,,,#N/A
007002812,,PRYCE BOOKCAE,Furniture,,polo,Display,44044402,,,Sellable," $12,595 "," $4,148 ",,,2020
007002773,,PRYCE BOOKCASE,Furniture,,polo,Display,440444022,,,Sellable, $-   , $-   ,,,#N/A
007002772,,PRYCE BOOKCASE SHELVES \,Furniture,,,Display,,,,0, $-   , $-   ,,,#N/A
007000185,,PRYCE CLUB CHAIR,Furniture,,polo,Display,44075349,,,Sellable," $5,031 "," $1,084 ",,,2020
007000420,,PRYCE CLUB CHAIR,Furniture,,polo,Display,76866490,,,Sellable," $13,189 "," $3,769 ",,,2024
007002594,,WHITE LAMP SHADE,Lighting,,,,,,,Sellable, $-   , $-   ,, Y ,#N/A
007002595,,WHITE LAMP SHADE,Lighting,,,,,,,Sellable, $-   , $-   ,, Y ,#N/A
007002592,,WHITE LINEN LAMP SHADE,Lighting,,,,,,,0, $-   , $-   ,, Y ,#N/A
007002554,,WHITE ROUND SHADE,Lighting,,,Display,,,,0, $-   , $-   ,, Y ,#N/A
006315753,,WHITE SHADE,Lighting,,,,,,,0, $-   , $-   ,, Y ,#N/A
007001882,,PRYCE CLUB CHAIR,Furniture,,,Display,,,,0, $-   , $-   ,,,#N/A
007003002,,Pryce club chair,Furniture,,,Display,,,,0, $-   , $-   ,,,#N/A
007003138,,DORSET RUG,Rug,,,Display,,,,0, $-   , $-   ,,,#N/A
007000016,,PRYCE CLUB CHAIR RLU3043-37,Furniture,,,Display,,,,0, $-   , $-   ,,,#N/A
006316629,,WHITE SHADE,Lighting,,,,,,,0, $-   , $-   ,, Y ,#N/A
007000165,,WHITE SHADE,Lighting,,,,,,,0, $-   , $-   ,, Y ,#N/A
007002339,,WHITE SHADE,Lighting,,,Display,,,,0, $-   , $-   ,, Y ,#N/A
006310372,,WILLOUGHBY MEDIUM PICTURE LIGHT IN BRONZE/RL2697BZ,Lighting,,,,42485805,,,0, $685 , $216 ,, Y ,2019
007000017,,PRYCE CLUB CHAIR RLU3043-37,Furniture,,,Display,,,,0, $-   , $-   ,,,#N/A
007001763,,PRYCE NIGHT STAND,Furniture,,,Display,,,,0, $-   , $-   ,,,#N/A
007001764,,PRYCE NIGHT STAND,Furniture,,,Display,,,,0, $-   , $-   ,,,#N/A
007001747,,PRYCE SOFA (STEEL FEET),Furniture,,polo,Display,44075307,,,Sellable," $10,157 "," $2,006 ",,,2020
007003193,,PYRCE SOFA,Furniture,,polo,Display,74544958,,,Sellable," $15,847 "," $3,539 ",,,2024
007003240,,RADCLIFFE  DINNING ARMCHAIR,Furniture,,polo,Display,74740457,,,Sellable," $5,565 "," $1,586 ",,,2024
007003183,,RADCLIFFE DINNING ARMCHAIR,Furniture,,polo,Display,74740457,,,Sellable," $5,565 "," $1,586 ",,,2024
006303884,,Refectory Work Table RL39209-20,Furniture,,Polo,Missing pieces,42239095,,damage,Damaged," $13,350 "," $3,338 ",,,2019
007002100,,RUE ROYALE TABLE,Furniture,,Adam's client,Display,77074862,,,0," $3,270 ", $818 ,,,2023
007002101,,RUE ROYALE TABLE,Furniture,,Polo,Display,77074862,,,Sellable," $3,270 ", $818 ,,,2023
007000028,,SADLER COCKATIL OTTOMAN,Furniture,,polo,Display,45261143,,,Sellable, $-   , $-   ,,,#N/A
007003244,,SMALL CANNES GUERIDON / SILVER & WHITE,Furniture,,,Display,,,,0, $-   , $-   ,,,#N/A
006316618,,ST. GERMAIN COCKTAIL TABLE,Furniture,,,Display,,,,0, $-   , $-   ,,,#N/A
006316619,,ST. GERMAIN COCKTAIL TABLE,Furniture,,,Display,,,,0, $-   , $-   ,,,#N/A
006314733,,STORAGE OTTOMAN,Furniture,,visual,Display,,,,Sellable, $-   , $-   ,,,#N/A
006314734,,STORAGE OTTOMAN,Furniture,,visual,Display,,,,Sellable, $-   , $-   ,,,#N/A
006298504,,Table Base Personal Storage /ALALI,Furniture,,,Display,,,,0, $-   , $-   ,,,#N/A
006295995,,TABLE TOP PERSONAL STORAGE /ALALI,Furniture,,,Display,,,,0, $-   , $-   ,,,#N/A
007003232,,TAVERN WOOD TABLE,Furniture,,polo,Display,42448431,,,Sellable," $2,886 ", $746 ,,,2019
007000597,,THAYER BED BENCH QUEEN,Furniture,,,Display,,,,0, $-   , $-   ,, Y ,#N/A
007003034,,THAYER CONSOLE,Furniture,,polo,Display,44044444,,,Sellable," $10,195 "," $2,835 ",,,2020
007002480,,TOURVILLE QUEEN BED FB,Furniture,,,Display,,,,0, $-   , $-   ,,,#N/A
007002479,,TOURVILLE QUEEN BED HB,Furniture,,,Display,,,,0, $-   , $-   ,,,#N/A
007002481,,TOURVILLE QUEEN BED SR/SLATES,Furniture,,,Display,,,,0, $-   , $-   ,, Y ,#N/A
006306298,,TREMONT CHAIR 656-03,Furniture,,,Display,,,,0, $-   , $-   ,, Y ,#N/A
006316509,,TREMONT SOFA (PILLOWS) / PATINA VELVET STERLING / ESTATE MAHOGANY / SOFA IS ASSET 6314001,Furniture,,,Display,,,,0, $-   , $-   ,,,#N/A
006314001,,TREMONT SOFA / PATINA VELVET STERLING / ESTATE MAHOGANY / RLU656-01 / PILLOWS ARE ASSET 6316509,Furniture,,,Display,,,,0, $-   , $-   ,,,#N/A
007001158,,WARNER CHAIR,Furniture,,polo,Display,44036069,,,Sellable," $3,795 ", $919 ,,,2020
007002816,,WARNER CHAIR,Furniture,,polo,Display,76593896,,,Sellable," $7,005 "," $2,375 ",,,2024
007002434,,WELLS DESK,Furniture,,polo,Display,73165466,,,Sellable, $-   , $-   ,,,#N/A
007002766,,WESTOVER COCKTAIL OTTOMAN,Furniture,,polo,Display,45863016,,,Sellable," $7,305 "," $1,522 ",, Y ,2024
007003215,,WING BACK CHAIR,Furniture,,,Display,,,,0, $-   , $-   ,, Y ,#N/A
007003067,,XAVIER PENDANT,Lighting,,,Display,42522623,,,0," $1,279 ", $297 ,, Y ,2016
007000382,,WOVEN OTTOMAN,Furniture,,,Display,,,,0, $-   , $-   ,,,#N/A
007003186,,WRITERS CHAIR,Furniture,,polo,Display,46036539,,,Sellable," $10,485 "," $2,265 ",,,2024
007001907,,XAVIER SMALL PENDANT,Lighting,,,Display,42522615,,,0," $1,279 ", $249 ,, Y ,2016
007002883,,WRITER'S OTTOMAN,Furniture,,polo,Display,45261401,,,Sellable," $3,099 ", $872 ,, Y ,2020
7001179,,,Lighting,,,,,,,,,,, Y ,#N/A
,,,,,,Display,,,,0, $-   , $-   ,,,#N/A
,,,,,,Display,,,,0, $-   , $-   ,,,#N/A
,,,,,,Display,,,,0, $-   , $-   ,,,#N/A
,,,,,,Display,,,,0, $-   , $-   ,,,#N/A
,,,,,,Display,,,,0, $-   , $-   ,,,#N/A
,,,,,,Display,,,,0, $-   , $-   ,,,#N/A
,,,,,,Display,,,,0, $-   , $-   ,,,#N/A
,,,,,,Display,,,,0, $-   , $-   ,,,#N/A
,,,,,,,,,,0, $-   , $-   ,,,#N/A
,,,,,,,,,,0, $-   , $-   ,,,#N/A
,,,,,,,,,,0, $-   , $-   ,,,#N/A
,,,,,,,,,,0, $-   , $-   ,,,#N/A
,,,,,,,,,,0, $-   , $-   ,,,#N/A
,,,,,,,,,,0, $-   , $-   ,,,#N/A
,,,,,,,,,,0, $-   , $-   ,,,#N/A
,,,,,,,,,,0, $-   , $-   ,,,#N/A
,,,,,,,,,,0, $-   , $-   ,,,#N/A
,,,,,,,,,,0, $-   , $-   ,,,#N/A
,,,,,,,,,,,,,,,
,,,,,,,,,,,,,,,
,,,,,,,,,,,,,,,
,,,,,,,,,,,,,,,
,,,,,,,,,,,,,,,
,,,,,,,,,,,,,,,
,,,,,,,,,,,,,,,
,,,,,,,,,,,,,,,
,,,,,,,,,,,,,,,
,,,,,,,,,,,,,,,
