BARCODE,AVAILABILITY,DESCRIPTION,DEPARTMENT,TYPE,IMAGES,CONDITION,COLOR,DIMENSIONS,TAGS,CONDITION CHECKS,RESERVED WBS,LOCATION,ORIGINAL ACQUISITION VALUE,HISTORY,HOME WAREHOUSE,CONTAINER,LAST SEEN IN CONTAINER,BARCODE IMAGES,ASSET USAGE,SIDEMARK ROOM,Item #,Item Type,Category,PP Deck (Y/N),Ownership,Condition,SKU,DONATION FY26 (Y/N),Notes,Availability, Retail($) ,Cost($),Dest (Y/N),RETAIL YEAR
7003417,Available,BARRETT KNURLED BOOM-ARM DESK LIGHT,Home 888 Madison,LIGHTING,"https://flo-rlassets.s3.eu-west-1.amazonaws.com/live/image_10_1740684453375/1740684443700.jpg,https://flo-rlassets.s3.eu-west-1.amazonaws.com/live/image_1_1729604803140/1729604660225.jpg,https://flo-rlassets.s3.eu-west-1.amazonaws.com/live/image_2_1729604804012/1729604683625.jpg,https://flo-rlassets.s3.eu-west-1.amazonaws.com/live/image_3_1729604804914/1729604688926.jpg,https://flo-rlassets.s3.eu-west-1.amazonaws.com/live/image_4_1729604805922/1729604694677.jpg,https://flo-rlassets.s3.eu-west-1.amazonaws.com/live/image_5_1729604806776/1729604699280.jpg,https://flo-rlassets.s3.eu-west-1.amazonaws.com/live/image_6_1729604807668/1729604703852.jpg,https://flo-rlassets.s3.eu-west-1.amazonaws.com/live/image_7_1729604808574/1729604710566.jpg,https://flo-rlassets.s3.eu-west-1.amazonaws.com/live/image_8_1729604809543/1729604716182.jpg,https://flo-rlassets.s3.eu-west-1.amazonaws.com/live/image_9_1729604810471/1729604722375.jpg",MULTIPLE SCRATCHES AND MULTIPLE PRINT MARKS TO BRASS ON ALL SIDES AND ON BASE. DISCOLORATION ALSO VISIBLE THROUGHOUT.,NATURAL BRASS,36 x 9 x 20 Inches,,,,LIC,,History,LIC,W01-14-04-AA,"Fri, Apr 4, 2025 10:26 AM",7003417.0,,888 STOCK,,,,,,,,,,,,,,
7003443,Available,BOXED CARTHAGE TL,Home 888 Madison,LIGHTING,"https://flo-rlassets.s3.eu-west-1.amazonaws.com/live/image_1_1732299573101/1732299566196.jpg,https://flo-rlassets.s3.eu-west-1.amazonaws.com/live/image_2_1732299574319/1732299571996.jpg",MINOR MARKS,NATURAL BRASS,28 x 16 x 14 Inches,,,,LIC,,History,LIC,W01-14-03-AA,"Thu, Apr 3, 2025 2:50 PM",7003443.0,,888 STOCK,,,,,,,,,,,,,,
7003445,Available,BOXED FLOOR LAMP,Home 888 Madison,LIGHTING,"https://flo-rlassets.s3.eu-west-1.amazonaws.com/live/image_1_1732297624597/1732297611950.jpg,https://flo-rlassets.s3.eu-west-1.amazonaws.com/live/image_2_1732297625656/1732297623113.jpg",MINOR SCRATCHES ON LAMP PIECES SEPARATED IN BOX.,POLISHED NICKEL,43 x 13 x 7 Inches,,,,LIC,,History,LIC,W01-14-03-BB,"Thu, Apr 3, 2025 2:49 PM",7003445.0,,888 STOCK,,,,,,,,,,,,,,
7003442,Available,BOXED CARTHAGE TABLE LAMP,Home 888 Madison,LIGHTING,"https://flo-rlassets.s3.eu-west-1.amazonaws.com/live/image_2_1732229420080/1732229405416.jpg,https://flo-rlassets.s3.eu-west-1.amazonaws.com/live/_1731686291077/IMG_2535.jpeg,https://flo-rlassets.s3.eu-west-1.amazonaws.com/live/image_3_1732229423191/1732229411712.jpg,https://flo-rlassets.s3.eu-west-1.amazonaws.com/live/image_4_1732229426582/1732229414174.jpg",MINOR SCRATCHES COMES WITH HARDWARE AND INSTRUCTIONS INSIDE BOX,NATURAL BRASS,27 x 15.5 x 14 Inches,,,,LIC,,History,LIC,W01-14-03-AA,"Thu, Apr 3, 2025 1:56 PM",7003442.0,,888 STOCK RETURN,,,,,,,,,,,,,,
7003550,Available,ANTIQUE ROUND TABLE TOP,Home 888 Madison,TABLE,"https://flo-rlassets.s3.eu-west-1.amazonaws.com/live/image_1_1741280450728/1741280388586.jpg,https://flo-rlassets.s3.eu-west-1.amazonaws.com/live/image_2_1741280454411/1741280392052.jpg,https://flo-rlassets.s3.eu-west-1.amazonaws.com/live/image_3_1741280455681/1741280396609.jpg,https://flo-rlassets.s3.eu-west-1.amazonaws.com/live/image_4_1741280456885/1741280400941.jpg,https://flo-rlassets.s3.eu-west-1.amazonaws.com/live/image_5_1741280461193/1741280404358.jpg,https://flo-rlassets.s3.eu-west-1.amazonaws.com/live/image_6_1741280465345/1741280407875.jpg,https://flo-rlassets.s3.eu-west-1.amazonaws.com/live/image_7_1741280469791/1741280411086.jpg,https://flo-rlassets.s3.eu-west-1.amazonaws.com/live/image_8_1741280473854/1741280414660.jpg,https://flo-rlassets.s3.eu-west-1.amazonaws.com/live/image_9_1741280478132/1741280418755.jpg,https://flo-rlassets.s3.eu-west-1.amazonaws.com/live/image_10_1741280482637/1741280422538.jpg",TOP SURFACE AND TOP EDGES HAVE MULTIPLE SCRATCHES AND CHIPS/DENTS. CRACKS ALSO VISIBLE TO TOP SURFACE THROUGHOUT.,,72 x 72 x 30.5 Inches,,,,LIC,,History,LIC,W01-15-06-AA,"Thu, Apr 3, 2025 11:45 AM",7003550.0,,COLLECTED FROM 888 ON 3/4/25,,,,,,,,,,,,,,
7003405,Available,MODERN DRUM END TABLE,Home 888 Madison,TABLE,"https://flo-rlassets.s3.eu-west-1.amazonaws.com/live/image_6_1739910690358/1739910341782.jpg,https://flo-rlassets.s3.eu-west-1.amazonaws.com/live/image_1_1729514292814/1729514234127.jpg,https://flo-rlassets.s3.eu-west-1.amazonaws.com/live/image_2_1729514293768/1729514247378.jpg,https://flo-rlassets.s3.eu-west-1.amazonaws.com/live/image_3_1729514294785/1729514267459.jpg,https://flo-rlassets.s3.eu-west-1.amazonaws.com/live/image_4_1729514295731/1729514277197.jpg,https://flo-rlassets.s3.eu-west-1.amazonaws.com/live/image_5_1729514296637/1729514285890.jpg,https://flo-rlassets.s3.eu-west-1.amazonaws.com/live/image_7_1739910691263/1739910510349.jpg,https://flo-rlassets.s3.eu-west-1.amazonaws.com/live/image_8_1739910692286/1739910535242.jpg,https://flo-rlassets.s3.eu-west-1.amazonaws.com/live/image_9_1739910693778/1739910550408.jpg,https://flo-rlassets.s3.eu-west-1.amazonaws.com/live/image_10_1739910694812/1739910684045.jpg",TOP SURFACE HAS MULTIPLE SCRATCHES AND MULTIPLE MARKS ALONG EDGES OF TOP. OUTER SIDES HAVE MULTIPLE SCRATCHES AND MINOR PRINT MARKS. LOWER LEVEL HAS DUSTING THROUGHOUT.,MAHOGANY,30.5 x 30.5 x 25 Inches,,,,LIC,,History,LIC,W01-14-05-AA,"Thu, Apr 3, 2025 11:02 AM",7003405.0,"CASEGOOD - Mon, March 3, 2025 - Thu, April 3, 2025",888 STOCK,,,,,,,,,,,,,,
7003418,Available,BARTON DESK LAMP IN SILVER,Home 888 Madison,LIGHTING,"https://flo-rlassets.s3.eu-west-1.amazonaws.com/live/image_8_1740405097008/1740405063263.jpg,https://flo-rlassets.s3.eu-west-1.amazonaws.com/live/image_1_1729604023633/1729603668148.jpg,https://flo-rlassets.s3.eu-west-1.amazonaws.com/live/image_2_1729604024668/1729603676534.jpg,https://flo-rlassets.s3.eu-west-1.amazonaws.com/live/image_3_1729604025602/1729603704766.jpg,https://flo-rlassets.s3.eu-west-1.amazonaws.com/live/image_4_1729604026586/1729603712758.jpg,https://flo-rlassets.s3.eu-west-1.amazonaws.com/live/image_5_1729604027427/1729603727301.jpg,https://flo-rlassets.s3.eu-west-1.amazonaws.com/live/image_6_1729604028304/1729603740314.jpg,https://flo-rlassets.s3.eu-west-1.amazonaws.com/live/image_7_1729604029150/1729603752003.jpg,https://flo-rlassets.s3.eu-west-1.amazonaws.com/live/image_9_1740405098040/1740405093347.jpg,https://flo-rlassets.s3.eu-west-1.amazonaws.com/live/image_10_1740405205942/1740405203675.jpg",CHROME HAS MULTIPLE PRINT MARKS AND MULTIPLE SCRATCHES TO TOP SIDES AND TO CHROME BASE. SCRATCHES AND TAPE RESIDUE TO TOP SURFACE.,POLISHED NICKEL,18.5 x 18.5 x 28 Inches,,,,LIC,,History,LIC,W01-14-05-CC,"Thu, Apr 3, 2025 10:59 AM",7003418.0,,888 STOCK,,,,,,,,,,,,,,
7003403,Available,CARTAGE TABLE LAMP,Home 888 Madison,LIGHTING,"https://flo-rlassets.s3.eu-west-1.amazonaws.com/live/image_9_1740407041826/1740407021603.jpg,https://flo-rlassets.s3.eu-west-1.amazonaws.com/live/image_1_1729605202797/1729605046608.jpg,https://flo-rlassets.s3.eu-west-1.amazonaws.com/live/image_2_1729605203698/1729605086517.jpg,https://flo-rlassets.s3.eu-west-1.amazonaws.com/live/image_3_1729605204577/1729605107393.jpg,https://flo-rlassets.s3.eu-west-1.amazonaws.com/live/image_4_1729605205570/1729605113044.jpg,https://flo-rlassets.s3.eu-west-1.amazonaws.com/live/image_5_1729605206416/1729605121132.jpg,https://flo-rlassets.s3.eu-west-1.amazonaws.com/live/image_6_1729605207272/1729605126352.jpg,https://flo-rlassets.s3.eu-west-1.amazonaws.com/live/image_7_1729605208100/1729605130707.jpg,https://flo-rlassets.s3.eu-west-1.amazonaws.com/live/image_8_1729605208939/1729605137481.jpg,https://flo-rlassets.s3.eu-west-1.amazonaws.com/live/image_10_1740407042727/1740407035757.jpg",MULTIPLE SCRATCHES AND SCUFFS VISIBLE THROUGHOUT. DISCOLORATION AND PRINT MARKS TO METAL FINISH ON BASE AND ON HEAD,NATURAL BRASS,7 x 7 x 30 Inches,,,,LIC,,History,LIC,W01-14-05-CC,"Thu, Apr 3, 2025 10:52 AM",7003403.0,,888 STOCK,,,,,,,,,,,,,,
7003548,Available,CUSHING ETAGERE,Home 888 Madison,DRESSER,"https://flo-rlassets.s3.eu-west-1.amazonaws.com/live/image_3_1693138498030/1693138403266.jpg,https://flo-rlassets.s3.eu-west-1.amazonaws.com/live/_1692989617222/IMG_7237.jpeg,https://flo-rlassets.s3.eu-west-1.amazonaws.com/live/image_2_1693138497070/1693138390042.jpg,https://flo-rlassets.s3.eu-west-1.amazonaws.com/live/image_4_1693138498981/1693138411719.jpg,https://flo-rlassets.s3.eu-west-1.amazonaws.com/live/image_5_1693138500023/1693138421570.jpg,https://flo-rlassets.s3.eu-west-1.amazonaws.com/live/image_6_1693138501021/1693138434308.jpg,https://flo-rlassets.s3.eu-west-1.amazonaws.com/live/image_7_1693138502098/1693138456996.jpg,https://flo-rlassets.s3.eu-west-1.amazonaws.com/live/image_8_1693138503244/1693138466720.jpg,https://flo-rlassets.s3.eu-west-1.amazonaws.com/live/image_9_1693138504334/1693138474477.jpg",,,50 x 14 x 93 Inches,,,,LIC,,History,LIC,W01-14-08-AA,"Thu, Apr 3, 2025 8:38 AM",7003548.0,,FA23 CHANGEOVER / RL39523-49,,,,,,,,,,,,,,
7003547,Available,CUSHING ETAGERE,Home 888 Madison,BOOKCASE,"https://flo-rlassets.s3.eu-west-1.amazonaws.com/live/_1719266634153/Screenshot%202024-06-24%20at%206.03.49%20PM.png,https://flo-rlassets.s3.eu-west-1.amazonaws.com/live/image_2_1720547110475/1720546967467.jpg,https://flo-rlassets.s3.eu-west-1.amazonaws.com/live/image_3_1720547111480/1720546985949.jpg,https://flo-rlassets.s3.eu-west-1.amazonaws.com/live/image_4_1720547112629/1720546994819.jpg,https://flo-rlassets.s3.eu-west-1.amazonaws.com/live/image_5_1720547113579/1720547005014.jpg,https://flo-rlassets.s3.eu-west-1.amazonaws.com/live/image_6_1720547114547/1720547016751.jpg,https://flo-rlassets.s3.eu-west-1.amazonaws.com/live/image_7_1720547115510/1720547024810.jpg,https://flo-rlassets.s3.eu-west-1.amazonaws.com/live/image_8_1720547116517/1720547058900.jpg,https://flo-rlassets.s3.eu-west-1.amazonaws.com/live/image_9_1720547117437/1720547083472.jpg,https://flo-rlassets.s3.eu-west-1.amazonaws.com/live/image_10_1740493935051/1740493911467.jpg",,BROWN,50 x 14 x 93 Inches,,,,LIC,,History,LIC,W01-14-08-AA,"Thu, Apr 3, 2025 8:37 AM",7003547.0,,from vivid kid studio(adv) to 888,,,,,,,,,,,,,,
7003533,Available,DUKE BAR CART,Home 888 Madison,BAR CART,"https://flo-rlassets.s3.eu-west-1.amazonaws.com/live/image_1_1737643304323/1737643199519.jpg,https://flo-rlassets.s3.eu-west-1.amazonaws.com/live/image_2_1737643305237/1737643207881.jpg,https://flo-rlassets.s3.eu-west-1.amazonaws.com/live/image_3_1737643306309/1737643224752.jpg,https://flo-rlassets.s3.eu-west-1.amazonaws.com/live/image_4_1737643307338/1737643230240.jpg,https://flo-rlassets.s3.eu-west-1.amazonaws.com/live/image_5_1737643308292/1737643256901.jpg,https://flo-rlassets.s3.eu-west-1.amazonaws.com/live/image_6_1737643309180/1737643268540.jpg,https://flo-rlassets.s3.eu-west-1.amazonaws.com/live/image_7_1737643310061/1737643273586.jpg,https://flo-rlassets.s3.eu-west-1.amazonaws.com/live/image_8_1737643311004/1737643285028.jpg,https://flo-rlassets.s3.eu-west-1.amazonaws.com/live/image_9_1737643311905/1737643291377.jpg,https://flo-rlassets.s3.eu-west-1.amazonaws.com/live/image_10_1737643312901/1737643297740.jpg",COMES WITH TWO GLASS PANES / INSERTS. GLASS HAS MULTIPLE SCRATCHES AND MULTIPLE SMEAR MARKS ON BOTH PIECES. WOODEN PIECE HAS MULTIPLE SCRATCHES TO LACQUER AND SMEARS/PRINTS. EDGE OF MIDDLE LEVEL HAS CHIPS AND IS VISIBLY SCRATCHED. CHROME TRIM HAS MULTIPLE SCRATCHES AND PRINT MARKS.,,32.5 x 27 x 45.5 Inches,,,,LIC,,History,LIC,W01-15-03-AA,"Thu, Jan 23, 2025 12:29 PM",7003533.0,"E-12016.HOME1.07 - Sun, March 30, 2025 - Thu, April 3, 2025",COLLECTED FROM 888 ON 1/17/25 / 888 STOCK,,,,,,,,,,,,,,
7003185,Unavailable,WRITERS CHAIR,Home 888 Madison,CHAIR,"https://flo-rlassets.s3.eu-west-1.amazonaws.com/live/image_7_1739899981432/1739899837797.jpg,https://flo-rlassets.s3.eu-west-1.amazonaws.com/live/image_1_1726170728330/1726170478505.jpg,https://flo-rlassets.s3.eu-west-1.amazonaws.com/live/image_2_1726170729280/1726170491615.jpg,https://flo-rlassets.s3.eu-west-1.amazonaws.com/live/image_3_1726170730380/1726170501808.jpg,https://flo-rlassets.s3.eu-west-1.amazonaws.com/live/image_4_1726170731395/1726170522976.jpg,https://flo-rlassets.s3.eu-west-1.amazonaws.com/live/image_5_1726170732344/1726170558757.jpg,https://flo-rlassets.s3.eu-west-1.amazonaws.com/live/image_6_1726170733287/1726170579133.jpg,https://flo-rlassets.s3.eu-west-1.amazonaws.com/live/image_8_1739899982322/1739899865531.jpg,https://flo-rlassets.s3.eu-west-1.amazonaws.com/live/image_9_1739899983213/1739899909468.jpg,https://flo-rlassets.s3.eu-west-1.amazonaws.com/live/image_10_1739900066692/1739900046830.jpg",SCRATCHES TO FRONT RIGHT LEG.MULTIPLE Streaks TO TOP BACKREST AND BOTH ARMREST,,37 x 31 x 38 Inches,,,,LIC,,History,LIC,W01-15-06-BB,"Tue, Feb 18, 2025 1:37 PM",7003185.0,"E-12016.HOME1.10 - Fri, April 4, 2025 - Fri, April 4, 2025",RETURN FROM 36TH TO 888 STOCK,,,,,,,,,,,,,,
7003525,Available,ADRIANNA DOUBLE SCONCE IN AG-S,Home 888 Madison,LIGHTING,"https://flo-rlassets.s3.eu-west-1.amazonaws.com/live/image_1_1736960353714/1736959936217.jpg,https://flo-rlassets.s3.eu-west-1.amazonaws.com/live/image_2_1736960354949/1736959944076.jpg,https://flo-rlassets.s3.eu-west-1.amazonaws.com/live/image_3_1736960355974/1736959948197.jpg,https://flo-rlassets.s3.eu-west-1.amazonaws.com/live/image_4_1736960356940/1736959967195.jpg",PIECE IS INCOMPLETE. MULTIPLE SCRATCHES THROUGHOUT.,,15 x 13 x 17.5 Inches,,,,LIC,,History,LIC,W01-14-06-BB,"Tue, Mar 25, 2025 8:52 AM",7003525.0,,888 STOCK / RL2231AG-S,,,,,,,,,,,,,,
7003401,Available,"FAIRFIELD PHARMACY FLOOR LAMP, NB",Home 888 Madison,LIGHTING,"https://flo-rlassets.s3.eu-west-1.amazonaws.com/live/image_2_1738701705665/1738701648261.jpg,https://flo-rlassets.s3.eu-west-1.amazonaws.com/live/image_5_1736427971270/1736427632130.jpg,https://flo-rlassets.s3.eu-west-1.amazonaws.com/live/image_3_1738701706765/1738701664398.jpg,https://flo-rlassets.s3.eu-west-1.amazonaws.com/live/image_3_1736427355068/1736427352668.jpg,https://flo-rlassets.s3.eu-west-1.amazonaws.com/live/image_4_1736427970213/1736427614476.jpg,https://flo-rlassets.s3.eu-west-1.amazonaws.com/live/image_6_1738701707936/1738701689491.jpg,https://flo-rlassets.s3.eu-west-1.amazonaws.com/live/image_7_1738701708873/1738701700129.jpg","IN BOX. BOX HAS MULTIPLE MARKS ON OUTSIDE, MINOR SCRATCHES ON LAMP",NATURAL BRASS,12 x 12 x 40 Inches,,,,LIC,,History,LIC,W01-14-03-BB,"Tue, Feb 4, 2025 4:00 PM",7003401.0,,888 STOCK,,,,,,,,,,,,,,
7003441,Available,FAIRFIELD PHARMACY FLOOR LAMP,Home 888 Madison,LIGHTING,"https://flo-rlassets.s3.eu-west-1.amazonaws.com/live/image_2_1736276723113/1736276548252.jpg,https://flo-rlassets.s3.eu-west-1.amazonaws.com/live/_1731686428920/IMG_2541.jpeg,https://flo-rlassets.s3.eu-west-1.amazonaws.com/live/image_3_1736276724149/1736276564943.jpg,https://flo-rlassets.s3.eu-west-1.amazonaws.com/live/image_4_1736276725116/1736276658110.jpg",COMES WITH HARDWARE AND INTRUCTION INSIDE,NATURAL BRASS,41.5 x 13.5 x 10.5 Inches,,,,LIC,,History,LIC,W01-14-04-AA,"Fri, Nov 22, 2024 3:42 PM",7003441.0,,888 STOCK RETURN,,,,,,,,,,,,,,
7003419,Available,CARTHAGE TABLE LAMP,Home 888 Madison,LIGHTING,"https://flo-rlassets.s3.eu-west-1.amazonaws.com/live/image_8_1740405677278/1740405660946.jpg,https://flo-rlassets.s3.eu-west-1.amazonaws.com/live/image_1_1729604945332/1729604881722.jpg,https://flo-rlassets.s3.eu-west-1.amazonaws.com/live/image_2_1729604946190/1729604892054.jpg,https://flo-rlassets.s3.eu-west-1.amazonaws.com/live/image_3_1729604947059/1729604915654.jpg,https://flo-rlassets.s3.eu-west-1.amazonaws.com/live/image_4_1729604947876/1729604926243.jpg,https://flo-rlassets.s3.eu-west-1.amazonaws.com/live/image_5_1729604948706/1729604931165.jpg,https://flo-rlassets.s3.eu-west-1.amazonaws.com/live/image_6_1729604949565/1729604936361.jpg,https://flo-rlassets.s3.eu-west-1.amazonaws.com/live/image_7_1729604950413/1729604941390.jpg,https://flo-rlassets.s3.eu-west-1.amazonaws.com/live/image_9_1740405678250/1740405672300.jpg,https://flo-rlassets.s3.eu-west-1.amazonaws.com/live/image_10_1740405856336/1740405854895.jpg",MULTIPLE SCRATCHES VISIBLE TO BRASS ON ALL SIDES OF HEAD AND TO MULTIPLE SIDES OF BASE. PRINT MARKS AND DISCOLORATION VISIBLE THROUGHOUT.,NATURAL BRASS,7 x 7 x 30 Inches,,,,LIC,,History,LIC,W01-14-05-CC,"Mon, Feb 24, 2025 10:19 AM",7003419.0,,888 STOCK,,,,,,,,,,,,,,
7003415,Available,MCCARREN LG PENDANT ( NOT COMPLETED PIECES),Home 888 Madison,LIGHTING,https://flo-rlassets.s3.eu-west-1.amazonaws.com/live/image_1_1729605264336/1729605252212.jpg,PIECE WAS PBO,,21 x 6 x 6 Inches,,,,LIC,,History,LIC,W01-14-05-CC,"Fri, Jan 24, 2025 9:25 AM",7003415.0,,888 STOCK,,,,,,,,,,,,,,
7003564,Available,ROUND PAPER SHADE,Home 888 Madison,LIGHTING,"https://flo-rlassets.s3.eu-west-1.amazonaws.com/live/image_1_1741700963573/1741697514854.jpg,https://flo-rlassets.s3.eu-west-1.amazonaws.com/live/image_2_1741700964538/1741697523875.jpg,https://flo-rlassets.s3.eu-west-1.amazonaws.com/live/image_3_1741700965504/1741700861594.jpg,https://flo-rlassets.s3.eu-west-1.amazonaws.com/live/image_4_1741700966437/1741700879243.jpg,https://flo-rlassets.s3.eu-west-1.amazonaws.com/live/image_5_1741700967300/1741700895071.jpg,https://flo-rlassets.s3.eu-west-1.amazonaws.com/live/image_6_1741700968200/1741700902600.jpg,https://flo-rlassets.s3.eu-west-1.amazonaws.com/live/image_7_1741700969287/1741700910510.jpg",TOP AND BOTTOM EDGES ARE SLIGHTLY WORN AND DENTED. OUTER AND INNER SIDES ARE STAINED AND DENTED.,WHITE,22.5 x 22.5 x 14 Inches,,,,LIC,,History,LIC,W01-13-01-CC,"Tue, Mar 11, 2025 10:09 AM",7003564.0,,OLD WAREHOUSE INV.,,,,,,,,,,,,,,
6310370,Available,NORDY FRITTER ROUND PERCALE-SHADE,Home 888 Madison,LIGHTING,"https://flo-rlassets.s3.eu-west-1.amazonaws.com/live/image_6_1740490963490/1740490892160.jpg,https://flo-rlassets.s3.eu-west-1.amazonaws.com/live/006310370.JPG,https://flo-rlassets.s3.eu-west-1.amazonaws.com/live/006310370 (2).JPG,https://flo-rlassets.s3.eu-west-1.amazonaws.com/live/006310370 (3).JPG,https://flo-rlassets.s3.eu-west-1.amazonaws.com/live/image_4_1740490961505/1740490839595.jpg,https://flo-rlassets.s3.eu-west-1.amazonaws.com/live/image_5_1740490962509/1740490851290.jpg,https://flo-rlassets.s3.eu-west-1.amazonaws.com/live/image_7_1740490964422/1740490905641.jpg",MINOR MARKS,WHITE,11 x 13 x 9 Inches,,,E-99999.01500.NY,LIC,,History,LIC,W01-13-05-AA,"Wed, Feb 26, 2025 1:01 PM",6310370.0,,888 STOCK,,,,,,,,,,,,,,
7003410,Available,BARRETT KNURLED BOOM ARM DESK,Home 888 Madison,LIGHTING,"https://flo-rlassets.s3.eu-west-1.amazonaws.com/live/image_10_1740684726659/1740684705602.jpg,https://flo-rlassets.s3.eu-west-1.amazonaws.com/live/image_1_1729604364007/1729604227642.jpg,https://flo-rlassets.s3.eu-west-1.amazonaws.com/live/image_2_1729604365117/1729604247337.jpg,https://flo-rlassets.s3.eu-west-1.amazonaws.com/live/image_3_1729604366111/1729604261400.jpg,https://flo-rlassets.s3.eu-west-1.amazonaws.com/live/image_4_1729604367075/1729604267168.jpg,https://flo-rlassets.s3.eu-west-1.amazonaws.com/live/image_5_1729604367935/1729604277774.jpg,https://flo-rlassets.s3.eu-west-1.amazonaws.com/live/image_6_1729604368788/1729604283743.jpg,https://flo-rlassets.s3.eu-west-1.amazonaws.com/live/image_7_1729604369645/1729604293211.jpg,https://flo-rlassets.s3.eu-west-1.amazonaws.com/live/image_8_1729604370541/1729604297943.jpg,https://flo-rlassets.s3.eu-west-1.amazonaws.com/live/image_9_1729604371381/1729604307337.jpg",MULTIPLE SCRATCHES AND PRINT MARKS VISIBLE TO CHROME ON BASE AND ON BODY THROUGHOUT. DISCOLORATION VISIBLE TO METAL AS WELL,POLISHED NICKEL,36 x 9 x 20 Inches,,,,LIC,,History,LIC,W01-14-05-CC,"Thu, Feb 27, 2025 4:10 PM",7003410.0,,888 STOCK,,,,,,,,,,,,,,
7003563,Available,SILK SHADE FOR RL3650,Home 888 Madison,LIGHTING,"https://flo-rlassets.s3.eu-west-1.amazonaws.com/live/image_1_1741617068370/1741616922551.jpg,https://flo-rlassets.s3.eu-west-1.amazonaws.com/live/image_2_1741617069319/1741616943604.jpg,https://flo-rlassets.s3.eu-west-1.amazonaws.com/live/image_3_1741617070259/1741616953558.jpg,https://flo-rlassets.s3.eu-west-1.amazonaws.com/live/image_4_1741617071108/1741616986459.jpg,https://flo-rlassets.s3.eu-west-1.amazonaws.com/live/image_5_1741617072000/1741617035266.jpg,https://flo-rlassets.s3.eu-west-1.amazonaws.com/live/image_6_1741617072941/1741617059900.jpg",MINOR MARKS.,WHITE,26 x 26 x 18 Inches,,,,LIC,,History,LIC,W01-13-01-AA,"Mon, Mar 10, 2025 2:28 PM",7003563.0,,888 STOCK / RL3650,,,,,,,,,,,,,,
7003549,Available,ANTIQUE ROUND TABLE BASE,Home 888 Madison,TABLE,"https://flo-rlassets.s3.eu-west-1.amazonaws.com/live/image_1_1741280183003/1741280145124.jpg,https://flo-rlassets.s3.eu-west-1.amazonaws.com/live/image_2_1741280183916/1741280147046.jpg,https://flo-rlassets.s3.eu-west-1.amazonaws.com/live/image_3_1741280184841/1741280149352.jpg,https://flo-rlassets.s3.eu-west-1.amazonaws.com/live/image_4_1741280185780/1741280152475.jpg,https://flo-rlassets.s3.eu-west-1.amazonaws.com/live/image_5_1741280186664/1741280158568.jpg,https://flo-rlassets.s3.eu-west-1.amazonaws.com/live/image_6_1741280187594/1741280160865.jpg,https://flo-rlassets.s3.eu-west-1.amazonaws.com/live/image_7_1741280188582/1741280163329.jpg,https://flo-rlassets.s3.eu-west-1.amazonaws.com/live/image_8_1741280189571/1741280165534.jpg,https://flo-rlassets.s3.eu-west-1.amazonaws.com/live/image_9_1741280190510/1741280170629.jpg,https://flo-rlassets.s3.eu-west-1.amazonaws.com/live/image_10_1741280191516/1741280176092.jpg","TOP SURFACE AND TOP EDGES HAVE MULTIPLE SCRATCHES AND CHIPS/DENTS. WOODEN LEGS HAVE MULTIPLE SCRATCHES TO FINISH ALONG EDGES AND SIDES AND LEGS ARE LOOSE, SEPERATED LEG",,72 x 72 x 30.5 Inches,,,,LIC,,History,LIC,W01-15-06-AA,"Thu, Mar 6, 2025 3:17 PM",7003549.0,,COLLECTED FROM 888 ON 3/4/25,,,,,,,,,,,,,,
7003413,Available,LAMP SHADE ONLY,Home 888 Madison,LIGHTING,"https://flo-rlassets.s3.eu-west-1.amazonaws.com/live/image_5_1740409141327/1740409067623.jpg,https://flo-rlassets.s3.eu-west-1.amazonaws.com/live/image_1_1729605764035/1729605612081.jpg,https://flo-rlassets.s3.eu-west-1.amazonaws.com/live/image_2_1729605764889/1729605617636.jpg,https://flo-rlassets.s3.eu-west-1.amazonaws.com/live/image_3_1729605765791/1729605625560.jpg,https://flo-rlassets.s3.eu-west-1.amazonaws.com/live/image_4_1729605766705/1729605635969.jpg,https://flo-rlassets.s3.eu-west-1.amazonaws.com/live/image_6_1740409142318/1740409075758.jpg,https://flo-rlassets.s3.eu-west-1.amazonaws.com/live/image_7_1740409143530/1740409084448.jpg,https://flo-rlassets.s3.eu-west-1.amazonaws.com/live/image_8_1740409144485/1740409093219.jpg,https://flo-rlassets.s3.eu-west-1.amazonaws.com/live/image_9_1740409145373/1740409105875.jpg,https://flo-rlassets.s3.eu-west-1.amazonaws.com/live/image_10_1740409146327/1740409138113.jpg",TOP METAL PIECE HAS MULTIPLE STAIN MARKS ALONG WITH OUTER SIDE OF SHADE,WHITE,27 x 27 x 17 Inches,,,,LIC,,History,LIC,W01-14-04-AA,"Thu, Mar 6, 2025 10:05 AM",7003413.0,,888 STOCK,,,,,,,,,,,,,,
7003505,Available,SQUARE PERCALE SHADE,Home 888 Madison,LIGHTING,"https://flo-rlassets.s3.eu-west-1.amazonaws.com/live/_1735052312001/IMG_1290.jfif,https://flo-rlassets.s3.eu-west-1.amazonaws.com/live/_1735052312046/IMG_1291.jfif,https://flo-rlassets.s3.eu-west-1.amazonaws.com/live/_1735052314354/IMG_E1290.jfif,https://flo-rlassets.s3.eu-west-1.amazonaws.com/live/_1735052314385/IMG_1292.jfif,https://flo-rlassets.s3.eu-west-1.amazonaws.com/live/_1735052315227/006314389%20(2).jfif,https://flo-rlassets.s3.eu-west-1.amazonaws.com/live/image_6_1735219324120/1735058155083.jpg,https://flo-rlassets.s3.eu-west-1.amazonaws.com/live/image_7_1735219324975/1735058195290.jpg,https://flo-rlassets.s3.eu-west-1.amazonaws.com/live/image_8_1735219325856/1735058218991.jpg",SHADE HAS MULTIPLE STAINS ALL OVER.,WHITE,22.5 x 22.5 x 27.5 Inches,,,,LIC,,History,LIC,W01-13-03-AA,"Wed, Mar 5, 2025 11:41 AM",7003505.0,,"SHEIK FAWAD AHMAD, PO Number: 886170026",,,,,,,,,,,,,,
7003503,Available,CODY MEDIUM TABLE LAMP SHADE,Home 888 Madison,LIGHTING,"https://flo-rlassets.s3.eu-west-1.amazonaws.com/live/image_1_1734641838633/1734641811938.jpg,https://flo-rlassets.s3.eu-west-1.amazonaws.com/live/image_2_1734641839553/1734641818746.jpg,https://flo-rlassets.s3.eu-west-1.amazonaws.com/live/image_3_1734641840394/1734641837524.jpg,https://flo-rlassets.s3.eu-west-1.amazonaws.com/live/image_4_1741018444693/1741015766657.jpg,https://flo-rlassets.s3.eu-west-1.amazonaws.com/live/image_5_1741018445626/1741015778119.jpg,https://flo-rlassets.s3.eu-west-1.amazonaws.com/live/image_6_1741018446619/1741015790147.jpg,https://flo-rlassets.s3.eu-west-1.amazonaws.com/live/image_7_1741018447826/1741015812446.jpg,https://flo-rlassets.s3.eu-west-1.amazonaws.com/live/image_8_1741018448947/1741015846825.jpg,https://flo-rlassets.s3.eu-west-1.amazonaws.com/live/image_9_1741018449979/1741015882882.jpg",MINOR MARKS,WHITE,19 x 17 x 12 Inches,,,,LIC,,History,LIC,W01-13-05-BB,"Mon, Mar 3, 2025 1:06 PM",7003503.0,,RECIEVED VIA VISUAL COMFORT ON 12/19/24 / 888 HOME / RL3533NB,,,,,,,,,,,,,,
7003501,Available,CODY MEDIUM TABLE LAMP IN NB,Home 888 Madison,LIGHTING,"https://flo-rlassets.s3.eu-west-1.amazonaws.com/live/image_4_1740596990689/1740596871936.jpg,https://flo-rlassets.s3.eu-west-1.amazonaws.com/live/image_1_1734640522672/1734640500439.jpg,https://flo-rlassets.s3.eu-west-1.amazonaws.com/live/image_2_1734640523583/1734640514581.jpg,https://flo-rlassets.s3.eu-west-1.amazonaws.com/live/image_3_1734640524553/1734640519707.jpg,https://flo-rlassets.s3.eu-west-1.amazonaws.com/live/image_5_1740596991615/1740596884750.jpg,https://flo-rlassets.s3.eu-west-1.amazonaws.com/live/image_6_1740596992486/1740596898545.jpg,https://flo-rlassets.s3.eu-west-1.amazonaws.com/live/image_7_1740596993548/1740596941019.jpg,https://flo-rlassets.s3.eu-west-1.amazonaws.com/live/image_8_1740596994420/1740596979450.jpg",MINOR MARKS AND MISSING ONE OF THE BRASS SCREWS,NATURAL BRASS AND SADDLE LEATHER,27.5 x 14 x 14 Inches,,,,LIC,,History,LIC,W01-13-05-BB,"Fri, Feb 28, 2025 1:51 PM",7003501.0,,RECIEVED VIA VISUAL COMFORT ON 12/19/24 / 888 HOME / RL3533NB,,,,,,,,,,,,,,
7003411,Available,BARRETT KNURLED BOOM ARM DESK,Home 888 Madison,LIGHTING,"https://flo-rlassets.s3.eu-west-1.amazonaws.com/live/image_10_1740688275361/1740688265265.jpg,https://flo-rlassets.s3.eu-west-1.amazonaws.com/live/image_1_1729604554950/1729604447522.jpg,https://flo-rlassets.s3.eu-west-1.amazonaws.com/live/image_2_1729604555882/1729604458096.jpg,https://flo-rlassets.s3.eu-west-1.amazonaws.com/live/image_3_1729604556816/1729604466307.jpg,https://flo-rlassets.s3.eu-west-1.amazonaws.com/live/image_4_1729604557674/1729604473949.jpg,https://flo-rlassets.s3.eu-west-1.amazonaws.com/live/image_5_1729604558708/1729604480466.jpg,https://flo-rlassets.s3.eu-west-1.amazonaws.com/live/image_6_1729604559556/1729604486027.jpg,https://flo-rlassets.s3.eu-west-1.amazonaws.com/live/image_7_1729604560433/1729604493169.jpg,https://flo-rlassets.s3.eu-west-1.amazonaws.com/live/image_8_1729604561253/1729604502163.jpg,https://flo-rlassets.s3.eu-west-1.amazonaws.com/live/image_9_1729604562041/1729604508196.jpg",PIECE BROKEN OFF AND SEPARATED FROM BASE. CHROME HAS MULTIPLE PRINT MARKS AND SCRATCHES THROUGHOUT. MINOR DISCOLORATION TO MIDDLE AREA OF PIECE.,POLISHED NICKEL,36 x 9 x 20 Inches,,,,LIC,,History,LIC,W01-14-05-CC,"Thu, Feb 27, 2025 4:10 PM",7003411.0,,888 STOCK,,,,,,,,,,,,,,
7003414,Available,LAMP SHADE ONLY,Home 888 Madison,LIGHTING,"https://flo-rlassets.s3.eu-west-1.amazonaws.com/live/image_10_1740409669976/1740409667759.jpg,https://flo-rlassets.s3.eu-west-1.amazonaws.com/live/image_1_1729606329986/1729606150495.jpg,https://flo-rlassets.s3.eu-west-1.amazonaws.com/live/image_2_1729606330866/1729606155138.jpg,https://flo-rlassets.s3.eu-west-1.amazonaws.com/live/image_3_1729606331725/1729606163328.jpg,https://flo-rlassets.s3.eu-west-1.amazonaws.com/live/image_4_1729606332678/1729606171549.jpg,https://flo-rlassets.s3.eu-west-1.amazonaws.com/live/image_5_1740409622478/1740409516244.jpg,https://flo-rlassets.s3.eu-west-1.amazonaws.com/live/image_6_1740409623431/1740409526451.jpg,https://flo-rlassets.s3.eu-west-1.amazonaws.com/live/image_7_1740409624406/1740409554173.jpg,https://flo-rlassets.s3.eu-west-1.amazonaws.com/live/image_8_1740409625364/1740409584729.jpg,https://flo-rlassets.s3.eu-west-1.amazonaws.com/live/image_9_1740409626321/1740409616872.jpg",MINOR MARKS AND STAINS TO OUTER SIDE AND TO TOP METAL PIECE,WHITE,26 x 26 x 14.5 Inches,,,,LIC,,History,LIC,W01-14-04-AA,"Thu, Feb 27, 2025 2:04 PM",7003414.0,,888 STOCK,,,,,,,,,,,,,,
7002860,Available,RAYMOND CLUB CHAIR,Home 888 Madison,CHAIR,"https://flo-rlassets.s3.eu-west-1.amazonaws.com/live/image_9_1740674123849/1740674099328.jpg,https://flo-rlassets.s3.eu-west-1.amazonaws.com/live/image_1_1724329655017/1724329564120.jpg,https://flo-rlassets.s3.eu-west-1.amazonaws.com/live/image_2_1724329656169/1724329570498.jpg,https://flo-rlassets.s3.eu-west-1.amazonaws.com/live/image_3_1724329657305/1724329574794.jpg,https://flo-rlassets.s3.eu-west-1.amazonaws.com/live/image_4_1724329658362/1724329581722.jpg,https://flo-rlassets.s3.eu-west-1.amazonaws.com/live/image_5_1724329659515/1724329587215.jpg,https://flo-rlassets.s3.eu-west-1.amazonaws.com/live/image_6_1724329660550/1724329593769.jpg,https://flo-rlassets.s3.eu-west-1.amazonaws.com/live/image_7_1724329661627/1724329598814.jpg,https://flo-rlassets.s3.eu-west-1.amazonaws.com/live/image_8_1724329662677/1724329604740.jpg,https://flo-rlassets.s3.eu-west-1.amazonaws.com/live/image_10_1740674124836/1740674115082.jpg",FABRIC HAS MULTIPLE LINE MARKS AND MINOR STAIN MARKS THROUGHOUT. MINOR STAIN MARKS TO BACK REST. CUSHION HAS MINOR WRINKLING ON SIDES,WHITE,35 x 39 x 34 Inches,,,E-99999.01500.NY,LIC,,History,LIC,W01-14-08-AA,"Thu, Feb 27, 2025 12:18 PM",7002860.0,,SP24 CHANGEOVER / 888 STOCK 8.22,,,,,,,,,,,,,,
7003239,Available,RAYMOND CLUB CHAIR,Home 888 Madison,CHAIR,"https://flo-rlassets.s3.eu-west-1.amazonaws.com/live/image_8_1740086602733/1740086582036.jpg,https://flo-rlassets.s3.eu-west-1.amazonaws.com/live/image_1_1726173429036/1726173054750.jpg,https://flo-rlassets.s3.eu-west-1.amazonaws.com/live/image_2_1726173430126/1726173149634.jpg,https://flo-rlassets.s3.eu-west-1.amazonaws.com/live/image_3_1726173431058/1726173157536.jpg,https://flo-rlassets.s3.eu-west-1.amazonaws.com/live/image_4_1726173432008/1726173180382.jpg,https://flo-rlassets.s3.eu-west-1.amazonaws.com/live/image_5_1726173432962/1726173202756.jpg,https://flo-rlassets.s3.eu-west-1.amazonaws.com/live/image_6_1726173433975/1726173216050.jpg,https://flo-rlassets.s3.eu-west-1.amazonaws.com/live/image_7_1740086601816/1740086528136.jpg,https://flo-rlassets.s3.eu-west-1.amazonaws.com/live/image_9_1740086603677/1740086594953.jpg,https://flo-rlassets.s3.eu-west-1.amazonaws.com/live/image_10_1740086791702/1740086665908.jpg","COMES WITH SEATING CUSHION AND PILLOW.OPEN GAP TO BACK RIGHT EDGES . INDENTATION TO LOWER BACK AREA. CHIP TO FRONT AND BACK WOOD LEGS, WRINKLING TO THE PILLOW",BLUE,33.5 x 39 x 34 Inches,,,,LIC,,History,LIC,W01-14-08-BB,"Fri, Feb 21, 2025 8:13 AM",7003239.0,,RETURN FROM 36TH TO 888 STOCK,,,,,,,,,,,,,,
7003444,Available,BOXED FLUSH MOUNT,Home 888 Madison,LIGHTING,"https://flo-rlassets.s3.eu-west-1.amazonaws.com/live/image_1_1732297165373/1732297142833.jpg,https://flo-rlassets.s3.eu-west-1.amazonaws.com/live/image_2_1732297166304/1732297156334.jpg,https://flo-rlassets.s3.eu-west-1.amazonaws.com/live/image_3_1732297167260/1732297163008.jpg",TOP GLASS IS BROKEN,POLISHED NICKEL,18 x 18 x 13 Inches,,,,LIC,,History,LIC,W01-14-04-BB,"Fri, Nov 22, 2024 3:30 PM",7003444.0,,888 STOCK,,,,,,,,,,,,,,
7003504,Available,ROUND SHADE ROOM CH,Home 888 Madison,LIGHTING,"https://flo-rlassets.s3.eu-west-1.amazonaws.com/live/image_1_1735049805678/1735049597860.jpg,https://flo-rlassets.s3.eu-west-1.amazonaws.com/live/image_2_1735049806576/1735049639037.jpg,https://flo-rlassets.s3.eu-west-1.amazonaws.com/live/image_3_1735049807537/1735049662926.jpg,https://flo-rlassets.s3.eu-west-1.amazonaws.com/live/image_4_1735049808514/1735049693226.jpg,https://flo-rlassets.s3.eu-west-1.amazonaws.com/live/image_5_1735049809480/1735049722729.jpg,https://flo-rlassets.s3.eu-west-1.amazonaws.com/live/image_6_1735049810380/1735049749598.jpg,https://flo-rlassets.s3.eu-west-1.amazonaws.com/live/image_7_1735049811246/1735049773310.jpg",MINOR MARKS,WHITE,30 x 30 x 18 Inches,,,,LIC,,History,LIC,W01-13-03-AA,"Tue, Dec 24, 2024 9:46 AM",7003504.0,,WAS WITH 006292854,,,,,,,,,,,,,,
7003519,Available,HEDGER 55'' FLOOR LAMP IN NATURAL BARSS AND NAVY LEATHER,Home 888 Madison,LIGHTING,"https://flo-rlassets.s3.eu-west-1.amazonaws.com/live/image_7_1736268347277/1736268250446.jpg,https://flo-rlassets.s3.eu-west-1.amazonaws.com/live/_1736262643889/rl1142nbnvylnvy.webp,https://flo-rlassets.s3.eu-west-1.amazonaws.com/live/image_2_1736262716172/1736262691022.jpg,https://flo-rlassets.s3.eu-west-1.amazonaws.com/live/image_3_1736262719366/1736262695926.jpg,https://flo-rlassets.s3.eu-west-1.amazonaws.com/live/image_5_1736262725804/1736262701847.jpg,https://flo-rlassets.s3.eu-west-1.amazonaws.com/live/image_6_1736262728817/1736262704475.jpg,https://flo-rlassets.s3.eu-west-1.amazonaws.com/live/image_6_1736268344007/1736268246030.jpg,https://flo-rlassets.s3.eu-west-1.amazonaws.com/live/image_8_1736268350388/1736268255230.jpg,https://flo-rlassets.s3.eu-west-1.amazonaws.com/live/image_9_1736268353546/1736268258772.jpg,https://flo-rlassets.s3.eu-west-1.amazonaws.com/live/image_10_1736268356529/1736268335751.jpg","PACKED IN BOX ARRIVE VIA FED EX ON JANUARY 06 ,2024 TRAKING NUMBER # 7711 3417 7110 .COMES WITH ASSEMBLY INSTRUCTIONS, FINIAL AND HARP. BENT SADDLE LEFT PART TO LAMP. MINOR SCRATCHES ALL OVER BRASS LAMP.HAS NO SHADE.",BRASS,12 x 11 x 49.5 Inches,,,,LIC,,History,LIC,W01-14-03-AA,"Thu, Jan 9, 2025 9:07 AM",7003519.0,,888 HOME ROOM CHANGE / DAVID KALLENBERG / GOES WITH 007003518,,,,,,,,,,,,,,
7003546,Available,BROOMFIELD LARGE HANGING,Home 888 Madison,LIGHTING,"https://flo-rlassets.s3.eu-west-1.amazonaws.com/live/image_1_1739213304365/1739213247718.jpg,https://flo-rlassets.s3.eu-west-1.amazonaws.com/live/image_2_1739213305569/1739213253788.jpg,https://flo-rlassets.s3.eu-west-1.amazonaws.com/live/image_3_1739213308899/1739213257755.jpg,https://flo-rlassets.s3.eu-west-1.amazonaws.com/live/image_4_1739213312195/1739213261165.jpg,https://flo-rlassets.s3.eu-west-1.amazonaws.com/live/image_5_1739213315572/1739213263846.jpg,https://flo-rlassets.s3.eu-west-1.amazonaws.com/live/image_6_1739213316536/1739213268588.jpg,https://flo-rlassets.s3.eu-west-1.amazonaws.com/live/image_7_1739213317413/1739213276563.jpg,https://flo-rlassets.s3.eu-west-1.amazonaws.com/live/image_8_1739213318293/1739213280504.jpg,https://flo-rlassets.s3.eu-west-1.amazonaws.com/live/image_9_1739213321551/1739213287055.jpg","AS OF FEB 10, 2025 COMES WITH HARDWARE INSTRUCTIONS , LEATHER STRAPS CHAINS, LARGE SHADE  ROUND PLEXI GLASS INSIDE BOX . MINOR MARKS TO BRASS LAMP.",,28 x 12 x 28 Inches,,,,LIC,,History,LIC,W01-14-09-CC,"Fri, Feb 14, 2025 12:26 PM",7003546.0,,888 STOCK /VIA VISUAL CONFORT/ MFTB048703/ 02.10.25,,,,,,,,,,,,,,
7003512,Available,RILEY FLOOR LAMP IN NB AND SADDLE LEATHER,Home 888 Madison,LIGHTING,"https://flo-rlassets.s3.eu-west-1.amazonaws.com/live/image_1_1735231264331/1735231249720.jpg,https://flo-rlassets.s3.eu-west-1.amazonaws.com/live/image_2_1735231265350/1735231262505.jpg",MINOR MARKS,NATURAL BRASS,65 x 17 x 10 Inches,,,,LIC,,History,LIC,W01-17-02-AA,"Wed, Feb 19, 2025 4:53 PM",7003512.0,,RECIEVED ON 12/20/24 VIA MAINFREIGHT FROM VISUAL COMFORT / CLIENT: DAVID K. / 888 STOCK,,,,,,,,,,,,,,
7003513,Available,RILEY FLOOR LAMP SHADE,Home 888 Madison,LIGHTING,"https://flo-rlassets.s3.eu-west-1.amazonaws.com/live/image_1_1735230164997/1735230145424.jpg,https://flo-rlassets.s3.eu-west-1.amazonaws.com/live/image_2_1735230165979/1735230153050.jpg,https://flo-rlassets.s3.eu-west-1.amazonaws.com/live/image_3_1735230167014/1735230161860.jpg",MINOR MARKS,LINEN WITH  SADDLE LEATHER TRIM,25 x 25 x 18 Inches,,,,LIC,,History,LIC,W01-17-02-AA,"Wed, Feb 19, 2025 4:53 PM",7003513.0,,RECIEVED ON 12/20/24 VIA MAINFREIGHT FROM VISUAL COMFORT / CLIENT: DAVID K. / 888 STOCK,,,,,,,,,,,,,,
7003497,Available,PALLET OF LIGHTING 2/4,Home 888 Madison,LIGHTING,"https://flo-rlassets.s3.eu-west-1.amazonaws.com/live/image_1_1734636071698/1734636060283.jpg,https://flo-rlassets.s3.eu-west-1.amazonaws.com/live/image_3_1734636160358/1734636159236.jpg,https://flo-rlassets.s3.eu-west-1.amazonaws.com/live/image_2_1734636072669/1734636070247.jpg",MINOR MARKS,,999 x 999 x 999 Inches,,,,LIC,,History,LIC,W01-19-04-AA,"Wed, Feb 19, 2025 8:34 AM",7003497.0,,RECIEVED VIA VISUAL COMFORT ON 12/12/24 / 888 HOME / PIECE COUNT: 10,,,,,,,,,,,,,,
7003498,Available,PALLET OF LIGHTING 3/4,Home 888 Madison,LIGHTING,"https://flo-rlassets.s3.eu-west-1.amazonaws.com/live/image_1_1734636092772/1734636083682.jpg,https://flo-rlassets.s3.eu-west-1.amazonaws.com/live/image_3_1734636174501/1734636173644.jpg,https://flo-rlassets.s3.eu-west-1.amazonaws.com/live/image_2_1734636093731/1734636091718.jpg",MINOR MARKS,,999 x 999 x 999 Inches,,,,LIC,,History,LIC,W01-19-04-AA,"Wed, Feb 19, 2025 8:34 AM",7003498.0,,RECIEVED VIA VISUAL COMFORT ON 12/12/24 / 888 HOME / PIECE COUNT: 16,,,,,,,,,,,,,,
7003496,Available,PALLET OF LIGHTING 1/4,Home 888 Madison,LIGHTING,"https://flo-rlassets.s3.eu-west-1.amazonaws.com/live/image_1_1734636050128/1734636041823.jpg,https://flo-rlassets.s3.eu-west-1.amazonaws.com/live/image_3_1734636143991/1734636142833.jpg,https://flo-rlassets.s3.eu-west-1.amazonaws.com/live/image_2_1734636051099/1734636048679.jpg",MINOR MARKS,,999 x 999 x 999 Inches,,,,LIC,,History,LIC,W01-19-04-AA,"Wed, Feb 19, 2025 8:34 AM",7003496.0,,RECIEVED VIA VISUAL COMFORT ON 12/12/24 / 888 HOME / PIECE COUNT: 7,,,,,,,,,,,,,,
7003499,Available,PALLET OF LIGHTING 4/4,Home 888 Madison,LIGHTING,"https://flo-rlassets.s3.eu-west-1.amazonaws.com/live/image_1_1734636112591/1734636101373.jpg,https://flo-rlassets.s3.eu-west-1.amazonaws.com/live/image_3_1734636188783/1734636188041.jpg,https://flo-rlassets.s3.eu-west-1.amazonaws.com/live/image_2_1734636113568/1734636110923.jpg",MINOR MARKS,,999 x 999 x 999 Inches,,,,LIC,,History,LIC,W01-19-04-AA,"Wed, Feb 19, 2025 8:34 AM",7003499.0,,RECIEVED VIA VISUAL COMFORT ON 12/12/24 / 888 HOME / PIECE COUNT:5,,,,,,,,,,,,,,
7003407,Available,WHITCOMB END TABLE,Home 888 Madison,TABLE,"https://flo-rlassets.s3.eu-west-1.amazonaws.com/live/image_6_1739891404351/1739891383798.jpg,https://flo-rlassets.s3.eu-west-1.amazonaws.com/live/image_1_1729514079430/1729514028189.jpg,https://flo-rlassets.s3.eu-west-1.amazonaws.com/live/image_2_1729514080396/1729514039161.jpg,https://flo-rlassets.s3.eu-west-1.amazonaws.com/live/image_3_1729514081357/1729514057290.jpg,https://flo-rlassets.s3.eu-west-1.amazonaws.com/live/image_4_1729514082317/1729514071588.jpg,https://flo-rlassets.s3.eu-west-1.amazonaws.com/live/image_5_1739891403439/1739891355790.jpg,https://flo-rlassets.s3.eu-west-1.amazonaws.com/live/image_7_1739892258737/1739892000016.jpg,https://flo-rlassets.s3.eu-west-1.amazonaws.com/live/image_8_1739892259918/1739892028202.jpg,https://flo-rlassets.s3.eu-west-1.amazonaws.com/live/image_9_1739892260778/1739892222869.jpg,https://flo-rlassets.s3.eu-west-1.amazonaws.com/live/image_10_1739892261848/1739892249505.jpg",SCRATCHES VISIBLE TO TOP SURFACE AND MINOR DENTS AND CHIPS VISIBLE ALONG EDGES OF TOP AND BOTTOM LEVELS,MAHOGANY,27.5 x 27.5 x 23 Inches,,,,LIC,,History,LIC,W01-14-08-CC,"Tue, Feb 18, 2025 11:54 AM",7003407.0,,888 STOCK,,,,,,,,,,,,,,
7003542,Available,SHELDON CAPE BLUE RUG,Home 888 Madison,RUG,"https://flo-rlassets.s3.eu-west-1.amazonaws.com/live/image_1_1738097920770/1738097895121.jpg,https://flo-rlassets.s3.eu-west-1.amazonaws.com/live/image_2_1738097921892/1738097909110.jpg,https://flo-rlassets.s3.eu-west-1.amazonaws.com/live/image_3_1738097922837/1738097916381.jpg",MINOR MARKS,,147 x 110 x 0 Inches,,,,LIC,,History,LIC,W01-15-01-BB,"Wed, Jan 29, 2025 8:11 AM",7003542.0,,RECIEVED IN FROM SAFAVEIH VIA FEDEX / TRACKING#:  2846 8471 2971 / 888 STOCK,,,,,,,,,,,,,,
7003545,Available,HEDGE 11'' ACCENT LAMP IN BZ W/ LINEN SHADE,Home 888 Madison,LIGHTING,"https://flo-rlassets.s3.eu-west-1.amazonaws.com/live/image_1_1738611695435/1738611675043.jpg,https://flo-rlassets.s3.eu-west-1.amazonaws.com/live/image_2_1738611696414/1738611684411.jpg,https://flo-rlassets.s3.eu-west-1.amazonaws.com/live/image_3_1738611697584/1738611693431.jpg",MINOR MARKS,,8 x 7.5 x 8 Inches,,,,LIC,,History,LIC,W01-13-03-BB,"Mon, Feb 3, 2025 3:50 PM",7003545.0,,RECIEVED IN VIA FEDEX ON 2/3/25 FROM VISUAL COMFORT / TRACKING#: 7717 3270 6416 / 888 STOCK / RL3142BZ-L,,,,,,,,,,,,,,
7003241,Available,INDIAN COVE DESK CHAIR,Home 888 Madison,CHAIR,"https://flo-rlassets.s3.eu-west-1.amazonaws.com/live/image_10_1739555321832/1739554816903.jpg,https://flo-rlassets.s3.eu-west-1.amazonaws.com/live/image_1_1726172576345/1726172302957.jpg,https://flo-rlassets.s3.eu-west-1.amazonaws.com/live/image_2_1726172577359/1726172314398.jpg,https://flo-rlassets.s3.eu-west-1.amazonaws.com/live/image_3_1726172578320/1726172320180.jpg,https://flo-rlassets.s3.eu-west-1.amazonaws.com/live/image_4_1726172579276/1726172382134.jpg,https://flo-rlassets.s3.eu-west-1.amazonaws.com/live/image_5_1739555316752/1739554694209.jpg,https://flo-rlassets.s3.eu-west-1.amazonaws.com/live/image_6_1739555317720/1739554743900.jpg,https://flo-rlassets.s3.eu-west-1.amazonaws.com/live/image_7_1739555318608/1739554760580.jpg,https://flo-rlassets.s3.eu-west-1.amazonaws.com/live/image_8_1739555319557/1739554784948.jpg,https://flo-rlassets.s3.eu-west-1.amazonaws.com/live/image_9_1739555320739/1739554803524.jpg","RIGHT FRONT LEG UNDERPAD  IS UNBALANCE. CHIP TO LEFT AND RIGHT ARMREST, DENTS TO THE LEFT BOTTOM LEG AND A CRACK LINE ON THE BACK OF THE WOODEN FRAME OF THE CHAIR",,29 x 26.5 x 42.5 Inches,,,,LIC,,History,LIC,W01-14-07-CC,"Fri, Feb 14, 2025 1:52 PM",7003241.0,,RETURN FROM 36TH TO 888 STOCK,,,,,,,,,,,,,,
7003178,Available,NEW BOHEMIAN SPINDLE CHAIR,Home 888 Madison,CHAIR,"https://flo-rlassets.s3.eu-west-1.amazonaws.com/live/image_7_1739396161320/1739396096300.jpg,https://flo-rlassets.s3.eu-west-1.amazonaws.com/live/image_1_1726155689039/1726155393392.jpg,https://flo-rlassets.s3.eu-west-1.amazonaws.com/live/image_2_1726155690068/1726155418947.jpg,https://flo-rlassets.s3.eu-west-1.amazonaws.com/live/image_3_1726155691015/1726155428319.jpg,https://flo-rlassets.s3.eu-west-1.amazonaws.com/live/image_4_1726155691973/1726155456942.jpg,https://flo-rlassets.s3.eu-west-1.amazonaws.com/live/image_5_1726155692907/1726155490057.jpg,https://flo-rlassets.s3.eu-west-1.amazonaws.com/live/image_6_1726155693821/1726155516150.jpg,https://flo-rlassets.s3.eu-west-1.amazonaws.com/live/image_8_1739396162274/1739396107498.jpg,https://flo-rlassets.s3.eu-west-1.amazonaws.com/live/image_9_1739396163324/1739396142997.jpg,https://flo-rlassets.s3.eu-west-1.amazonaws.com/live/image_10_1739396325646/1739396322064.jpg",CHIP TO TOP RIGHT CORNER. TAPE MARK TO LEATHER RIGHT ARMREST. MARKS AND SCRATCHES TO SEATING LEATHER COMES WITH BACKREST PILLOW,,28.5 x 31 x 38 Inches,,,E-99999.01500.NY,LIC,,History,LIC,W01-14-07-CC,"Thu, Feb 13, 2025 8:45 AM",7003178.0,"E-12016.HOME1.10 - Fri, April 4, 2025 - Fri, April 4, 2025",RETURN FROM 36TH TO 888 STOCK,,,,,,,,,,,,,,
7000508,Available,MODERN HOLLYWOOD OTTOMAN,Home 888 Madison,OTTOMAN,"https://flo-rlassets.s3.eu-west-1.amazonaws.com/live/image_1_1739304922900/1739304828648.jpg,https://flo-rlassets.s3.eu-west-1.amazonaws.com/live/image_2_1663599212796/1663599187025.jpg,https://flo-rlassets.s3.eu-west-1.amazonaws.com/live/image_3_1663599213846/1663599209323.jpg,https://flo-rlassets.s3.eu-west-1.amazonaws.com/live/image_4_1739304923973/1739304847055.jpg,https://flo-rlassets.s3.eu-west-1.amazonaws.com/live/image_5_1739304925031/1739304854489.jpg,https://flo-rlassets.s3.eu-west-1.amazonaws.com/live/image_6_1739304925983/1739304860079.jpg,https://flo-rlassets.s3.eu-west-1.amazonaws.com/live/image_7_1739304927034/1739304867048.jpg,https://flo-rlassets.s3.eu-west-1.amazonaws.com/live/image_8_1739304928048/1739304883132.jpg,https://flo-rlassets.s3.eu-west-1.amazonaws.com/live/image_9_1739304928924/1739304890148.jpg,https://flo-rlassets.s3.eu-west-1.amazonaws.com/live/image_10_1739304929809/1739304905778.jpg",WOODEN BASE HAS MULTIPLE SCRATCHES AND CHIPS ALONG ITS SIDES,,24 x 24 x 17 Inches,,,E-99999.01500.NY,LIC,,History,LIC,W01-15-05-CC,"Wed, Feb 12, 2025 12:07 PM",7000508.0,"E-12016.HOME1.10 - Wed, June 5, 2024 - Fri, January 31, 2025",FA22 CHANGEOVER / TLU831-04,,,,,,,,,,,,,,
7003538,Available,DANIELA MEDIUM ONE-TIER CHANDELIER,Home 888 Madison,LIGHTING,"https://flo-rlassets.s3.eu-west-1.amazonaws.com/live/image_1_1737656529595/1737656512312.jpg,https://flo-rlassets.s3.eu-west-1.amazonaws.com/live/image_2_1737656530510/1737656518161.jpg,https://flo-rlassets.s3.eu-west-1.amazonaws.com/live/image_3_1737656531401/1737656527709.jpg,https://flo-rlassets.s3.eu-west-1.amazonaws.com/live/image_4_1737656554966/1737656542152.jpg,https://flo-rlassets.s3.eu-west-1.amazonaws.com/live/image_5_1737656555941/1737656546680.jpg,https://flo-rlassets.s3.eu-west-1.amazonaws.com/live/image_6_1737656556860/1737656553715.jpg,https://flo-rlassets.s3.eu-west-1.amazonaws.com/live/image_7_1737656578389/1737656577774.jpg",COMES WITH 6 BLACK SHADES. LOOSE PIECES ARE APART FROM MAIN PIECE. MINOR MARKS VISIBLE TO CRYSTAL PIECES ON ALL SIDES.,,28 x 28 x 40 Inches,,,,LIC,,History,LIC,W01-14-08-AA,"Tue, Jan 28, 2025 8:45 AM",7003538.0,,COLLECTED FROM 888 ON 1/17/25 / 888 STOCK,,,,,,,,,,,,,,
7003528,Available,CAMBRIDGE LG SMOKE BELL,Home 888 Madison,LIGHTING,"https://flo-rlassets.s3.eu-west-1.amazonaws.com/live/image_1_1737035143709/1737035103399.jpg,https://flo-rlassets.s3.eu-west-1.amazonaws.com/live/image_2_1737035144633/1737035113015.jpg,https://flo-rlassets.s3.eu-west-1.amazonaws.com/live/image_3_1737035145484/1737035121550.jpg,https://flo-rlassets.s3.eu-west-1.amazonaws.com/live/image_4_1737035146338/1737035125889.jpg,https://flo-rlassets.s3.eu-west-1.amazonaws.com/live/image_5_1737035147209/1737035133369.jpg,https://flo-rlassets.s3.eu-west-1.amazonaws.com/live/image_6_1737035148089/1737035140313.jpg,https://flo-rlassets.s3.eu-west-1.amazonaws.com/live/image_7_1737047280553/1737047275434.jpg,https://flo-rlassets.s3.eu-west-1.amazonaws.com/live/image_8_1737047281496/1737047279476.jpg",MISSING GLASS DOME. MULTIPLE SCRATCHES AND VISIBLE DISCOLORATION TO BRASS RING. MAIN PIECE ALSO HAS MULTIPLE SCRATCHES AND PRINT MARKS. OLD B/C 006314190,NATURAL BRASS,18 x 18 x 27 Inches,,,,LIC,,History,LIC,W01-14-05-CC,"Fri, Jan 24, 2025 10:16 AM",7003528.0,,888 STOCK / RL5103NB,,,,,,,,,,,,,,
7003532,Available,DUKE BAR,Home 888 Madison,CABINET,"https://flo-rlassets.s3.eu-west-1.amazonaws.com/live/image_1_1737642324154/1737642158735.jpg,https://flo-rlassets.s3.eu-west-1.amazonaws.com/live/image_2_1737642325057/1737642181622.jpg,https://flo-rlassets.s3.eu-west-1.amazonaws.com/live/image_3_1737642325934/1737642191001.jpg,https://flo-rlassets.s3.eu-west-1.amazonaws.com/live/image_4_1737642326815/1737642196884.jpg,https://flo-rlassets.s3.eu-west-1.amazonaws.com/live/image_5_1737642327679/1737642295913.jpg,https://flo-rlassets.s3.eu-west-1.amazonaws.com/live/image_6_1737642328590/1737642223000.jpg,https://flo-rlassets.s3.eu-west-1.amazonaws.com/live/image_7_1737642329544/1737642231068.jpg,https://flo-rlassets.s3.eu-west-1.amazonaws.com/live/image_8_1737642330518/1737642251597.jpg,https://flo-rlassets.s3.eu-west-1.amazonaws.com/live/image_9_1737642331534/1737642273356.jpg,https://flo-rlassets.s3.eu-west-1.amazonaws.com/live/image_10_1737642332465/1737642315675.jpg",COLLECTED WITH RIGHT METAL PULL TAB SEPARATED FROM MAIN PIECE AND PLACED IN TOP DRAWER. GLASS INSERT BOX IS PLACED IN SECOND TO TOP DRAWER. LACUQER TO OUTER SIDE HAS MULTIPLE PRINT MARKS AND SMEAR MARKS ON ALL SIDES. CHROME TRIM HAS MULTIPLE PRINT MARKS AND SMEARS  ON TOP SIDE. SCRATCHES ON WOOD ON TOP SIDE NEAR GROOVE FOR GLASS INSERT. DISCOLORATION VISIBLE THROUGHOUT.,,57.5 x 20 x 48 Inches,,,,LIC,,History,LIC,W01-14-08-AA,"Thu, Jan 23, 2025 11:44 AM",7003532.0,,COLLECTED FROM 888 ON 1/17/25 / 888 STOCK,,,,,,,,,,,,,,
7003432,Available,CLIVEDON SERVER,Home 888 Madison,CONSOLE,"https://flo-rlassets.s3.eu-west-1.amazonaws.com/live/image_1_1730926538627/1730926489971.jpg,https://flo-rlassets.s3.eu-west-1.amazonaws.com/live/image_2_1730926539496/1730926492920.jpg,https://flo-rlassets.s3.eu-west-1.amazonaws.com/live/image_3_1730926542486/1730926496868.jpg,https://flo-rlassets.s3.eu-west-1.amazonaws.com/live/image_4_1730926545663/1730926501399.jpg,https://flo-rlassets.s3.eu-west-1.amazonaws.com/live/image_5_1730926549003/1730926505906.jpg,https://flo-rlassets.s3.eu-west-1.amazonaws.com/live/image_6_1730926552170/1730926512349.jpg,https://flo-rlassets.s3.eu-west-1.amazonaws.com/live/image_7_1730853554955/1730853494209.jpg,https://flo-rlassets.s3.eu-west-1.amazonaws.com/live/image_8_1730926555221/1730926525945.jpg,https://flo-rlassets.s3.eu-west-1.amazonaws.com/live/image_9_1730853556893/1730853519271.jpg,https://flo-rlassets.s3.eu-west-1.amazonaws.com/live/image_10_1730853557828/1730853547703.jpg","OLD BARCODES 07002891
007002890 / MARBLE TOP BARCODE 007003433 , SCRATCHES , MARKS , STAINS , CHIPS ON SURFACE OF PIECE , DENTS ON CORNERS.",BROWN,73 x 22 x 36 Inches,,,,LIC,,History,LIC,W01-14-15-AA,"Wed, Jan 22, 2025 3:42 PM",7003432.0,,RETURNED FROM 867 11.05.24 NW,,,,,,,,,,,,,,
7003446,Available,FAIRFIELD FLOOR LAMP,Home 888 Madison,LIGHTING,"https://flo-rlassets.s3.eu-west-1.amazonaws.com/live/image_1_1732298298361/1732298285904.jpg,https://flo-rlassets.s3.eu-west-1.amazonaws.com/live/image_2_1732298299332/1732298296936.jpg",MINOR MARKS,POLISHED NICKEL,44.5 x 14 x 8.5 Inches,,,,LIC,,History,LIC,W01-14-03-BB,"Fri, Nov 22, 2024 3:28 PM",7003446.0,,888 STOCK,,,,,,,,,,,,,,
6295203,Available,EMPIRE PEDESTAL TABLE - TABLE BASE,Home 888 Madison,TABLE,"https://flo-rlassets.s3.eu-west-1.amazonaws.com/live/image_5_1736184005536/1736183683925.jpg,https://flo-rlassets.s3.eu-west-1.amazonaws.com/live/006295203.JPG,https://flo-rlassets.s3.eu-west-1.amazonaws.com/live/006295203 (2).JPG,https://flo-rlassets.s3.eu-west-1.amazonaws.com/live/EMPIRE PEDESTAL TABLE - TABLE BASE - 006295203.JPG,https://flo-rlassets.s3.eu-west-1.amazonaws.com/live/EMPIRE PEDESTAL TABLE - TABLE BASE (1) - 006295203.JPG,https://flo-rlassets.s3.eu-west-1.amazonaws.com/live/image_7_1736184006506/1736183730772.jpg,https://flo-rlassets.s3.eu-west-1.amazonaws.com/live/image_8_1736184007468/1736183748181.jpg,https://flo-rlassets.s3.eu-west-1.amazonaws.com/live/image_9_1736184008374/1736183776728.jpg,https://flo-rlassets.s3.eu-west-1.amazonaws.com/live/image_10_1736184009364/1736183804809.jpg",MINOR SCRATCHES AND DENTS  GOES WITH 006313179 TOP,BLACK,28 x 28 x 26 Inches,,,,LIC,,History,LIC,W01-14-08-BB,"Tue, Jan 7, 2025 1:40 PM",6295203.0,,"888 STOCK HOME, PO Number: RL1867-20",,,,,,,,,,,,,,
7003518,Available,HEDGER 55'' FLOOR LAMP IN NATURAL BARSS AND NAVY LEATHER (SHADE),Home 888 Madison,LIGHTING,"https://flo-rlassets.s3.eu-west-1.amazonaws.com/live/image_1_1735926713014/1735926690399.jpg,https://flo-rlassets.s3.eu-west-1.amazonaws.com/live/image_2_1735926713924/1735926695714.jpg,https://flo-rlassets.s3.eu-west-1.amazonaws.com/live/image_3_1735926714947/1735926709805.jpg",MINOR MARKS,,16 x 16 x 11.4 Inches,,,,LIC,,History,LIC,W01-13-01-BB,"Fri, Jan 3, 2025 3:57 PM",7003518.0,,RECIEVED ON 1/3/25 VIA FEDEX FROM VISUAL COMFORT / TRACKING #: 7711 3509 2217 /GOES WITH 007003519,,,,,,,,,,,,,,
7003395,Available,PARKER HALL TABLE BASE,Home 888 Madison,TABLE,"https://flo-rlassets.s3.eu-west-1.amazonaws.com/live/image_1_1729283911105/1729283890496.jpg,https://flo-rlassets.s3.eu-west-1.amazonaws.com/live/image_2_1729283914146/1729283893117.jpg,https://flo-rlassets.s3.eu-west-1.amazonaws.com/live/image_3_1729283917284/1729283896644.jpg,https://flo-rlassets.s3.eu-west-1.amazonaws.com/live/image_4_1729283920413/1729283899056.jpg,https://flo-rlassets.s3.eu-west-1.amazonaws.com/live/image_5_1729283923552/1729283901573.jpg",MISSING TABLE TOP.CHIP TO BACE CORNERS. CRACK TO LOVER BASE COLUMN. HAS NO HARDWARE.,BROWN,29 x 25 x 29.5 Inches,,,,LIC,,History,LIC,W01-14-08-CC,"Mon, Jan 6, 2025 12:41 PM",7003395.0,,888 STOCK,,,,,,,,,,,,,,
7003517,Available,EDWARDIAN BOOKCASE SHELVES AND SHELF HOLDERS,Home 888 Madison,BOOKCASE,"https://flo-rlassets.s3.eu-west-1.amazonaws.com/live/image_1_1735662086864/1735662034895.jpg,https://flo-rlassets.s3.eu-west-1.amazonaws.com/live/image_2_1735662087892/1735662045001.jpg,https://flo-rlassets.s3.eu-west-1.amazonaws.com/live/image_3_1735662088870/1735662066101.jpg,https://flo-rlassets.s3.eu-west-1.amazonaws.com/live/image_4_1735662089882/1735662083418.jpg,https://flo-rlassets.s3.eu-west-1.amazonaws.com/live/image_5_1735662228156/1735662112181.jpg,https://flo-rlassets.s3.eu-west-1.amazonaws.com/live/image_6_1735662229029/1735662118567.jpg,https://flo-rlassets.s3.eu-west-1.amazonaws.com/live/image_7_1735662229959/1735662151906.jpg,https://flo-rlassets.s3.eu-west-1.amazonaws.com/live/image_8_1735662230834/1735662162787.jpg,https://flo-rlassets.s3.eu-west-1.amazonaws.com/live/image_9_1735662231719/1735662194894.jpg,https://flo-rlassets.s3.eu-west-1.amazonaws.com/live/image_10_1735662232645/1735662222859.jpg","SHELVES BELONG TO A BOOKCASE LOCATED AT 36TH ST BUT REPLACED BY NEW ONES AND LEAVING THESE AS SPARES AS PER MARISA L. ALL PIECES HAVE MULTIPLE CHIPS AND DENTS ALONG EDGES AND CORNERS. TOP SURFACES HAVE MULTIPLE SCRATCHES AND VISIBLE DISCOLORATION,",,37 x 11.75 x .75 Inches,,,,LIC,,History,LIC,W01-15-06-BB,"Fri, Jan 3, 2025 11:48 AM",7003517.0,,GOES WITH BOOKCASE LOCATED AT 36TH ST.,,,,,,,,,,,,,,
7003516,Available,ELLINGTON BORDER ONYX,Home 888 Madison,RUG,"https://flo-rlassets.s3.eu-west-1.amazonaws.com/live/image_1_1735316913903/1735316895072.jpg,https://flo-rlassets.s3.eu-west-1.amazonaws.com/live/image_2_1735316914873/1735316897346.jpg,https://flo-rlassets.s3.eu-west-1.amazonaws.com/live/image_3_1735316915825/1735316900072.jpg,https://flo-rlassets.s3.eu-west-1.amazonaws.com/live/image_4_1735316916828/1735316903088.jpg,https://flo-rlassets.s3.eu-west-1.amazonaws.com/live/image_5_1735316917786/1735316905708.jpg,https://flo-rlassets.s3.eu-west-1.amazonaws.com/live/image_6_1735316921230/1735316908273.jpg",WRINKLING VISIBLE THROUGHOUT.,,145 x 107 x .1 Inches,,,,LIC,,History,LIC,W01-15-01-BB,"Mon, Dec 30, 2024 9:36 AM",7003516.0,,PO# 8088-000147 / RECIEVED IN VIA FERDEX ON 7/11/23 / 888 HOME,,,,,,,,,,,,,,
7003400,Available,2 LEAVES FOR HUDSON ST DINING TABLE,Home 888 Madison,TABLE,"https://flo-rlassets.s3.eu-west-1.amazonaws.com/live/image_1_1729514810755/1729514749890.jpg,https://flo-rlassets.s3.eu-west-1.amazonaws.com/live/image_2_1729514811646/1729514766939.jpg,https://flo-rlassets.s3.eu-west-1.amazonaws.com/live/image_3_1729514812518/1729514786306.jpg,https://flo-rlassets.s3.eu-west-1.amazonaws.com/live/image_4_1729514813403/1729514807410.jpg",GOES WITH HUDSON ST DINING TABLE 007002939. MINOR SCRATCHES AND CHIPS ALONG EDGES AND CORNERS.,,51 x 24 x 5 Inches,,,,LIC,,History,LIC,W01-14-02-AA,"Tue, Oct 22, 2024 4:12 PM",7003400.0,,888 STOCK (TABLE AT 888 ) TABLE CODE  007002939,,,,,,,,,,,,,,
7003433,Available,CLIVEDON SERVER MARBLE TOP,Home 888 Madison,CONSOLE,"https://flo-rlassets.s3.eu-west-1.amazonaws.com/live/image_1_1730922171437/1730922108507.jpg,https://flo-rlassets.s3.eu-west-1.amazonaws.com/live/image_2_1730922172336/1730922123831.jpg,https://flo-rlassets.s3.eu-west-1.amazonaws.com/live/image_3_1730922173228/1730922134991.jpg,https://flo-rlassets.s3.eu-west-1.amazonaws.com/live/image_4_1730922174178/1730922148201.jpg,https://flo-rlassets.s3.eu-west-1.amazonaws.com/live/image_5_1730922175135/1730922167502.jpg,https://flo-rlassets.s3.eu-west-1.amazonaws.com/live/image_6_1730926197550/1730926196728.jpg","OLD BARCODES 07002891
007002890 / CLIVEDON SERVER BARCODE 007003432 , MINOR SCRATCHES AND MARKS ON SURFACE.",BLACK,73 x 23 x 1 Inches,,,,LIC,,History,LIC,W01-16-06-BB,"Wed, Nov 6, 2024 4:43 PM",7003433.0,,RETURNED FROM 867 11.05.24 NW,,,,,,,,,,,,,,
7003315,Available,EDWARDIAN BOOKCASE CROWN + BASE,Home 888 Madison,BOOKCASE,"https://flo-rlassets.s3.eu-west-1.amazonaws.com/live/image_1_1727811649567/1727811597327.jpg,https://flo-rlassets.s3.eu-west-1.amazonaws.com/live/image_2_1727811652924/1727811602182.jpg,https://flo-rlassets.s3.eu-west-1.amazonaws.com/live/image_3_1727811656327/1727811605227.jpg,https://flo-rlassets.s3.eu-west-1.amazonaws.com/live/image_4_1727811659635/1727811626161.jpg,https://flo-rlassets.s3.eu-west-1.amazonaws.com/live/image_5_1727811660506/1727811631589.jpg,https://flo-rlassets.s3.eu-west-1.amazonaws.com/live/image_6_1727811663667/1727811634938.jpg,https://flo-rlassets.s3.eu-west-1.amazonaws.com/live/image_7_1727811666903/1727811639864.jpg,https://flo-rlassets.s3.eu-west-1.amazonaws.com/live/image_8_1727811670127/1727811643007.jpg,https://flo-rlassets.s3.eu-west-1.amazonaws.com/live/_1727877001072/Picture1.png,https://flo-rlassets.s3.eu-west-1.amazonaws.com/live/_1727877001078/Picture2.png,https://flo-rlassets.s3.eu-west-1.amazonaws.com/live/_1727877002221/Picture3.png,https://flo-rlassets.s3.eu-west-1.amazonaws.com/live/_1727877002342/Picture4.png,https://flo-rlassets.s3.eu-west-1.amazonaws.com/live/_1727877384526/Picture5.png.jpg","COMES WITH SHLVES, HARDWARE. MINOR MARKS ON EDGES AND CORNERS.",,82.5 x 16 x 7 Inches,,,,LIC,,History,LIC,W01-14-04-AA,"Tue, Oct 1, 2024 4:07 PM",7003315.0,,RL39204-49 / THIS PIECES WERE RETURN FROM A HOME CLIENT. SEE PICTURES FOR PAPERWORK,,,,,,,,,,,,,,
7003316,Available,EDWARDIAN BOOKCASE CROWN + BASE,Home 888 Madison,BOOKCASE,"https://flo-rlassets.s3.eu-west-1.amazonaws.com/live/image_1_1727811934455/1727811917667.jpg,https://flo-rlassets.s3.eu-west-1.amazonaws.com/live/image_2_1727811937965/1727811921445.jpg,https://flo-rlassets.s3.eu-west-1.amazonaws.com/live/image_3_1727811941273/1727811924984.jpg,https://flo-rlassets.s3.eu-west-1.amazonaws.com/live/image_4_1727811944490/1727811928842.jpg,https://flo-rlassets.s3.eu-west-1.amazonaws.com/live/image_5_1727811947466/1727811932194.jpg,https://flo-rlassets.s3.eu-west-1.amazonaws.com/live/_1727876965599/Picture1.png,https://flo-rlassets.s3.eu-west-1.amazonaws.com/live/_1727876965610/Picture2.png,https://flo-rlassets.s3.eu-west-1.amazonaws.com/live/_1727876966798/Picture3.png,https://flo-rlassets.s3.eu-west-1.amazonaws.com/live/_1727876966938/Picture4.png,https://flo-rlassets.s3.eu-west-1.amazonaws.com/live/_1727877372381/Picture5.png.jpg",MINOR MARKS AND SCRATCHES ALONG EDGES AND CORNERS.,,82.5 x 16 x 7 Inches,,,,LIC,,History,LIC,W01-14-04-AA,"Tue, Oct 1, 2024 4:07 PM",7003316.0,,RL39204-49 / THIS PIECES WERE RETURN FROM A HOME CLIENT. SEE PICTURES FOR PAPERWORK,,,,,,,,,,,,,,
7002739,Available,EMPIRE PEDESTAL TABLE BASE,Home 888 Madison,TABLE,"https://flo-rlassets.s3.eu-west-1.amazonaws.com/live/image_1_1720618358122/1720618281201.jpg,https://flo-rlassets.s3.eu-west-1.amazonaws.com/live/image_2_1720618359150/1720618300139.jpg,https://flo-rlassets.s3.eu-west-1.amazonaws.com/live/image_3_1720618360171/1720618304360.jpg,https://flo-rlassets.s3.eu-west-1.amazonaws.com/live/image_4_1720618361056/1720618321521.jpg,https://flo-rlassets.s3.eu-west-1.amazonaws.com/live/image_5_1720618362006/1720618329585.jpg,https://flo-rlassets.s3.eu-west-1.amazonaws.com/live/image_6_1720618362954/1720618339766.jpg,https://flo-rlassets.s3.eu-west-1.amazonaws.com/live/image_7_1720618363864/1720618344824.jpg,https://flo-rlassets.s3.eu-west-1.amazonaws.com/live/image_8_1720618364820/1720618353339.jpg,https://flo-rlassets.s3.eu-west-1.amazonaws.com/live/image_9_1720618378422/1720618377411.jpg",GOES WITH EMPIRE PEDESTAL DINING TABLE TOP: 007002740. COMES WITH HARDWARE. TOP EDGES OF BASE HAVE MULTIPLE CHIPS AND DENTS AND TO CORNERS. HOLES FOR SCREWS ALSO HAVE MULTIPLE CHIPS AND SCRATCHES.,,40.5 x 40.5 x 26.5 Inches,,,,LIC,,History,LIC,W01-14-11-AA,"Thu, Sep 12, 2024 9:15 AM",7002739.0,,from vivid kid studio(adv) to 888,,,,,,,,,,,,,,
