BARCODE,Item #,Item Type,Category,PP Deck (Y/N),Ownership,Condition,SKU,DONATION FY26 (Y/N),Notes,Availability,Retail($),Cost($),Dest (Y/N),RETAIL YEAR
6292854,,ROUND SHADE ROOM CH,Lighting,,,,,,,0,0.0,0.0,Y,
6294868,,ALLEN FLOOR LAMP IN POLISHED,Lighting,,,,,,,0,0.0,0.0,Y,
6295203,,EMPIRE PEDESTAL TABLE - TABLE BASE,TABLE,,,,,,,Available,,,,
6295898,,Mordern Hollywood Ottoman RA11474 - NORRIS/SCHAPE,Furniture,,,Display,,,,0,0.0,0.0,,
6295995,,TABLE TOP PERSONAL STORAGE /ALALI,Furniture,,,Display,,,,0,0.0,0.0,,
6297780,,EQUILIBRIUM TABLE LAMP PN / RL11173PN,Lighting,,,,42557488,,,0,1619.0,362.78066666666666,Y,2013.0
6297782,,FAIRFIELD pharmacy fl lamp,Lighting,,,,42522060,,,0,1039.0,228.5257894736842,Y,2011.0
6298504,,Table Base Personal Storage /ALALI,Furniture,,,Display,,,,0,0.0,0.0,,
6298520,,RIVER REED STRIPE RUG,Rug,,,,,,,0,0.0,0.0,,
6299335,,BLACK TABLE TOP,Furniture,,polo,Display,,,,Sellable,0.0,0.0,Y,
6300322,,ANETTE LIBRARY LIGHT IN NATURAL BRASS 2270NB,Lighting,,,,,,,0,0.0,0.0,Y,
6300338,,hollis flr lamp RL1130NB-L,Lighting,,,,41806449,,,0,3149.85,748.21,Y,2019.0
6301402,,Modern Small Lantern in Polished Nickel RL5175PN,Lighting,,,,43555721,,,0,1849.0,390.13,Y,2013.0
6301535,,RL 67 BOOM ARM FLOOR LAMP BZ / RL14028BZ,Lighting,,,,42508622,,,0,1305.0,416.06,Y,2019.0
6303408,,JULIANNE LARGE SMOKE BELL PENDANT IN NATURAL BRASS RL5214NB-CG,Lighting,,,,41836289,,,0,3150.0,766.46,Y,2019.0
6303803,,PENTHOUSE SUITE FLUTED COMMODE/35010-48,Furniture,,polo,Display,43652734,,,Sellable,0.0,0.0,,2020.0
6303884,,Refectory Work Table RL39209-20,Furniture,,Polo,Missing pieces,42239095,,damage,Damaged,13350.0,3337.5,,2019.0
6306298,,TREMONT CHAIR 656-03,Furniture,,,Display,,,,0,0.0,0.0,Y,
6306604,,WARNER PHARMACY TABLE LAMP/RL3147CG/NB,Lighting,,,,,,,0,0.0,0.0,Y,
6306605,,BOOM ARM TASK LAMP/RL3030PN RL 67,Lighting,,,,42559278,,,0,1159.0,325.735,Y,2011.0
6306607,,BARRETT SMALL SINGLE SCONCES/RL2220NB,Lighting,,,,42521393,,,0,709.0,154.98,Y,2017.0
6306609,,"ANETTE 24"" (LARGE) PICTURE LIGHT NB / RL2277NB",Lighting,,,,42556316,,,0,1279.0,268.2366666666667,Y,2011.0
6306610,,HOLLIS FLOOR LAMP IN NB/RL1130NB,Lighting,,,,40359416,,,0,3000.0,730.0,Y,2018.0
6306723,,ALLEN SINGLE SCONCE IN PN/RL2080PN,Lighting,,,,42556233,,,0,649.0,145.6942857142857,Y,2011.0
6306724,,ALLEN SINGLE SCONCE IN PN/RL2080PN,Lighting,,,,42556233,,,0,649.0,145.6942857142857,Y,2011.0
6306726,,"ANETTE 16"" (MEDIUM) PICTURE LIGHT BZ / RL2276BZ",Lighting,,,,42556290,,,0,929.0,181.784,Y,2011.0
6306728,,"ANETTE 16"" (MEDIUM) PICTURE LIGHT BZ / RL2276BZ",Lighting,,,,42556290,,,0,929.0,181.784,Y,2011.0
6306729,,LANGHAM LARGE PICTURE LIGHT IN NB/RL2788NB,Lighting,,,,38997763,,,0,1819.0,369.60999999999996,Y,2024.0
6306759,,UPTON LARGE LANTERN IN BRONZE/RL5156BZ,Lighting,,,,42559617,,,0,2189.0,469.73,Y,2024.0
6306761,,BARRETT LARGE KNURLED CHAND HARDWARE &SHADES/RL5226NB-NB,Lighting,,,,,,,0,0.0,0.0,Y,
6306762,,BARRETT LARGE KNURLED LINEAR CHAND/RL5226NB-NB,Lighting,,,,45387008,,,0,1429.0,259.98,Y,2020.0
6307765,,BAUHAUS TUBULAR DESK/3500-45,Furniture,,polo,Display, no sku,,,Sellable,0.0,0.0,,
6308349,,ARCHED KING BED HB/39601-12,Furniture,,Polo,Display, ,,,Sellable,0.0,0.0,Y,
6308350,,ARCHED KING BED FB/39601-12,Furniture,,Polo,Display,41801002,,,Sellable,6177.0,1181.25,Y,2019.0
6308351,,ARCHED KING BED S.R/39601-12,Furniture,,Polo,Display, ,,,Sellable,0.0,0.0,Y,
6308406,,ARCHER KING BED/SLATS/39601-12,Furniture,,Polo,Display, ,,,Sellable,0.0,0.0,Y,
6309302,,BLEEKER TRIPLE BATH SCONCE IN BRASS/RL2535NB-WG,Lighting,,,,41834664,,,0,1188.0,289.04,Y,2019.0
6309304,,LANGHAM DISPLAY FLOOR LAMP IN BRASS/RL1388NB,Lighting,,,,41122508,,,0,4500.0,714.78,Y,2018.0
6309306,,LANGHAM LG PIC LIGHT IN BRASS/RL2788NB,Lighting,,,,42485615,,,0,1439.0,338.98,Y,2019.0
6309532,,ISLA SMALL TABLE LAMP IN WHITE LEATHER CERAMIC/3622WLC-L,Lighting,,,,,,,0,0.0,0.0,Y,
6309535,,SHADE FOR ISLA SMALL TABLE LAMP IN WHITE LEATHER CERAMIC/3622WLC-L,Lighting,,,,,,,0,0.0,0.0,Y,
6309536,,RL ''67 BOOM ARM WALL LAMP IN NB/14029BN,Lighting,,,,42559351,,,0,769.0,187.5,Y,2010.0
6309537,,RL ''67 BOOM ARM WALL LAMP IN NB/14029BN,Lighting,,,,42559351,,,0,769.0,187.5,Y,2010.0
6309540,,CAGAN SMALL TABLE LAMP IN CLEAR CARVED GLASS/3921CCG-P,Lighting,,,,41822446,,,0,948.0,291.96,Y,2019.0
6309541,,SHADE FOR CAGAN SMALL TABLE LAMP IN CLEAR CARVED GLASS/3921CCG-P,Lighting,,,,,,,0,0.0,0.0,Y,
6309543,,ARCHED QUEEN HEADBOARD / RLU39601-10HB,Furniture,,Polo,Display, ,,,Sellable,0.0,0.0,Y,
6309562,,HALIFAX TABLE LAMP IN BLACK CERAMIC W/ FAUX DRUM SKIN SHADE/3633BLK-DS,Lighting,,,,35834654,,,0,1279.0,282.13,Y,2014.0
6309563,,SHADE FOR HALIFAX TABLE LAMP IN BLACK CERAMIC W/ FAUX DRUM SKIN SHADE/3633BLK-DS,Lighting,,,,,,,0,0.0,0.0,Y,
6309587,,FAIRFIELD PHARMACY FLOOR LAMP IN NB/11165BN,Lighting,,,,42557629,,,0,1039.0,226.76214285714286,Y,2010.0
6309592,,SHADE FOR DARIEN FLOOR LAMP IN NB,Lighting,,,,,,,0,0.0,0.0,Y,
6309612,,MAYFAIR DINING ARM CHAIR / RLU30000-27,Furniture,,polo,Display,40353708,,,Sellable,5160.0,1290.0,Y,2018.0
6309619,,BLACK PALMS WOVEN OTTOMAN/39001-04,Furniture,,polo,Display,,,,Sellable,0.0,0.0,,
6310184,,ELLIS BEDSIDE LAMP PN (BASE) / RL3965PN-Q-P,Lighting,,,,42485490,,,0,2639.0,678.8733333333333,Y,2019.0
6310188,,SQUARE CLOSED TOP PERCAL TO RL3966PN/Q-P,Lighting,,,,,,,0,0.0,0.0,Y,
6310359,,UPPER FIFTH TABLE LAMP IN BROWN CROC LEATHER/RL3470BRN-S,Lighting,,,,,,,0,0.0,0.0,Y,
6310361,,BROMPTON SWING ARM TABLE LAMP IN NB/RL3501NB,Lighting,,,,25266818,,,0,1449.0,338.48,Y,2019.0
6310370,,NORDY FRITTER ROUND PERCALE-SHADE,LIGHTING,,,,,,,Available,,,,
6310372,,WILLOUGHBY MEDIUM PICTURE LIGHT IN BRONZE/RL2697BZ,Lighting,,,,42485805,,,0,685.0,216.04,Y,2019.0
6310373,,EVANS LIBRARY SCONCE IN BZ W/PERCALL SHADE /RL2004BZ-P,Lighting,,,,42557546,,,0,389.0,86.56333333333333,Y,2014.0
6310374,,ALLEN DOUBLE LIGHT SCONCE PN / RL2082PN,Lighting,,,,42515320,,,0,685.0,170.70000000000002,Y,2019.0
6310377,,"ANETTE 16"" PICTURE LIGHT IN PN/RL2276PN",Lighting,,,,,,,0,0.0,0.0,Y,
6310380,,VARICK FLOOR LIGHT IN NB/RL1345NB,Lighting,,,,,,,0,0.0,0.0,Y,
6310412,,VARICK TABLE LAMP CRYSTAL IN NB W/SHADE/RL3941CG/NB-P,Lighting,,,,42485755,,,0,1139.0,307.235,Y,2019.0
6310413,,BARRETT MEDIUM KNURLED TABLE LAMP NB WITH LINEN SHADE / RL3094NB-L,Lighting,,,,41903360,,,0,1339.0,302.478,Y,2017.0
6310414,,MODERN TABLE LAMP W/SHADE/RL11167DS-P,Lighting,,,,42558775,,,0,1279.0,268.19217391304346,Y,2012.0
6310415,,BARETT LARGE FLOOR LAMP LINEN SHADE/RL1090PN-L,Lighting,,,,44889244,,,0,2879.0,650.4345454545454,Y,2017.0
6310416,,LAMP SHADE,Lighting,,,,,,,0,0.0,0.0,Y,
6310418,,BARRETT LARGE FLOOR LAMP-LINEN SHADE/RL109OPN-L,Lighting,,,,42485292,,,0,2389.0,451.58,Y,2019.0
6311502,,BARTON MEDIUM BATH SCONCE NB / RL2032NB-EC,Lighting,,,,42515338,,,0,965.0,306.56,Y,2019.0
6311503,,"ANETTE 16"" PICTURE LIGHT IN NB-RL2276NB",Lighting,,,,42556308,,,0,929.0,210.55083333333334,Y,2011.0
6311504,,ROUND SHADE (LAMP SHADE),Lighting,,,,,,,0,0.0,0.0,Y,
6311505,,17x18x13.5L (LAMP SHADE),Lighting,,,,,,,0,0.0,0.0,,
6311506,,(LAMP SHADE)-RL3080PN-WP,Lighting,,,,,,,0,0.0,0.0,Y,
6311507,,(LAMP SHADE)-RL61004SH,Lighting,,,,,,,0,0.0,0.0,,
6311508,,CLAUDE STRIPE LAUREL LWP66239W (BOX OF WALL COVERING),Wallpaper,,,,,,,0,0.0,0.0,,
6311509,,YACARE CROC MAHOGANY LWP40879W (BOX OF WALL COVERING),Wallpaper,,,,,,,0,0.0,0.0,,
6311510,,SCONCE PLUS TWO METAL SHADES-RL2252PN,Lighting,,,,,,,0,0.0,0.0,Y,
6311511,,AYMELINE DOUBLE SCONCE-RL2106BS-S,Lighting,,,,42556415,,,0,809.0,182.465,Y,2011.0
6311512,,SINGLE AYMELINE-RL2105BS-S,Lighting,,,,42556415,,,0,809.0,182.465,Y,2011.0
6312469,,CURTAIN HARDWARE,Prop,,,,,,,0,0.0,0.0,,
6313163,,LAMP SHADE,Lighting,,,,,,,0,0.0,0.0,Y,
6313164,,LAMP SHADE,Lighting,,,,,,,0,0.0,0.0,Y,
6313165,,LAMP SHADE,Lighting,,,,,,,0,0.0,0.0,Y,
6313166,,LAMP SHADE,Lighting,,,,,,,0,0.0,0.0,Y,
6313167,,LAMP SHADE,Lighting,,,,,,,0,0.0,0.0,Y,
6313168,,LAMP SHADE,Lighting,,,,,,,0,0.0,0.0,Y,
6313169,,LAMP SHADE,Lighting,,,,,,,0,0.0,0.0,Y,
6313170,,LAMP SHADE,Lighting,,,,,,,0,0.0,0.0,Y,
6313171,,LAMP SHADE,Lighting,,,,,,,0,0.0,0.0,Y,
6313172,,LAMP SHADE,Lighting,,,,,,,0,0.0,0.0,Y,
6313173,,LAMP SHADE,Lighting,,,,,,,0,0.0,0.0,Y,
6313179,,EMPIRE PEDESTAL TABLE BASE,Furniture,,polo,Display,,,,0,0.0,0.0,,
6313179,,EMPIRE PEDESTAL TABLE TOP/1867-20,Furniture,,polo,Display,,,,0,0.0,0.0,,
6313482,,SHADE / HOLIDAY,Lighting,,,,,,,0,0.0,0.0,Y,
6313483,,SHADE / HOLIDAY,Lighting,,,,,,,0,0.0,0.0,Y,
6313484,,SHADE / HOLIDAY,Lighting,,,,,,,0,0.0,0.0,Y,
6313485,,SHADE / HOLIDAY,Lighting,,,,,,,0,0.0,0.0,Y,
6313991,,LAWSON UPHOLSTERED CHAIR / RLU39500-27,Furniture,,polo,Display,74544933,,,Sellable,5675.0,1153.5,,2024.0
6314001,,TREMONT SOFA / PATINA VELVET STERLING / ESTATE MAHOGANY / RLU656-01 / PILLOWS ARE ASSET 6316509,Furniture,,,Display,,,,0,0.0,0.0,,
6314117,,Anette Double Sconce in NB,Lighting,,,,42556357,,,0,879.0,195.02166666666665,Y,2011.0
6314118,,Anette Double Sonce in NB,Lighting,,,,42556357,,,0,879.0,195.02166666666665,Y,2011.0
6314119,,Anette Double Sconce in NB,Lighting,,,,42556357,,,0,879.0,195.02166666666665,Y,2011.0
6314120,,Anette Double Sconce In NB,Lighting,,,,42556357,,,0,879.0,195.02166666666665,Y,2011.0
6314130,,Modern Small Lantern,Lighting,,,,43600584,,,0,1519.0,286.38,Y,2020.0
6314132,,WESTBURY LANTERN NB RL5180NB,Lighting,,,,4300592,,,0,0.0,0.0,Y,
6314227,,OAH 41''MODERN LARGE LANTERN,Lighting,,,,,,,0,0.0,0.0,Y,
6314389,,SQUARE PERCALE SHADE,Lighting,,,,,,,0,0.0,0.0,Y,
6314391,,"16.75"" OVAL LINEN SHADE",Lighting,,,,,,,0,0.0,0.0,,
6314453,,ROUND LINE SHADE FOR RL1090,Lighting,,,,,,,0,0.0,0.0,Y,
6314573,,ISLA CERAMIC LAMP,Lighting,,,,36857928,,,0,1200.6666666666667,227.17999999999998,Y,2015.0
6314574,,ISLA LARGE CERAMIC LAMP,Lighting,,,,,,,0,0.0,0.0,Y,
6314575,,ISLA CERAMIC LAMP SHADE,Lighting,,,,,,,0,0.0,0.0,Y,
6314576,,ISLA CERAMIC LAMP SHADE,Lighting,,,,,,,0,0.0,0.0,Y,
6314733,,STORAGE OTTOMAN,Furniture,,visual,Display,,,,Sellable,0.0,0.0,,
6314734,,STORAGE OTTOMAN,Furniture,,visual,Display,,,,Sellable,0.0,0.0,,
6314965,,UPTON SCONCES,Lighting,,,,43600527,,,0,725.0,135.98,Y,2020.0
6314966,,UPTON SCONCE,Lighting,,,,43600527,,,0,725.0,135.98,Y,2020.0
6314967,,CARTHER LAMP SHADE,Lighting,,,,,,,0,0.0,0.0,Y,
6314968,,CARTHER SMALL TABLE LAMP BLACK,Lighting,,,,,,,0,0.0,0.0,Y,
6314974,,LANGHAM LARGE PITCURE LIGHT,Lighting,,,,41122243,,,0,1800.0,437.96,Y,2018.0
6315081,,DALEY LARGE SIX LIGHT CHANDELIER PN / RL5321PN-CA,Lighting,,,,42521971,,,0,3909.0,806.1683333333334,Y,2018.0
6315082,,CAMBRIDGE LARGE SMOKE BELL PENDANT NB / RL5103NB-CG / SHADE IS ASSET 006317499,Lighting,,,,42556829,,,0,3909.0,830.855,Y,2012.0
6315084,,BARRET LG KNURLED FLOOR LAMP SHADE,Lighting,,,,,,,0,0.0,0.0,Y,
6315085,,CODY LG FLOOR IN NB & SADDDLE LEATHER,Lighting,,,,44263655,,,0,1709.0,330.98,Y,2021.0
6315086,,FAIRFIELD PHARMACY FL IN NB,Lighting,,,,42557629,,,0,1039.0,226.76214285714286,Y,2010.0
6315091,,CARTHAGE MINI LAMP NB / RL3805NB,Lighting,,,,42485409,,,0,685.0,129.18,Y,2019.0
6315095,,ALLEN TABLE LAMP PN (BASE) / RL3082PN-WP,Lighting,,,,42485201,,,0,1075.0,250.526,Y,2019.0
6315096,,EVANS DOUBLE ARM SCONCE PN / RL2007PN-P / SHADES ARE ASSET 006315097,Lighting,,,,,,,0,0.0,0.0,Y,
6315097,,EVANS DOUBLE ARM SCONCE PN (SHADES) / RL2007PN-P / GOES WITH ASSET 006315096,Lighting,,,,,,,0,0.0,0.0,Y,
6315105,,DALEY MEDUIM SIX LIGHT CHANDELIER PN / RL5322PN-CA,Lighting,,,,42557298,,,0,3689.0,868.98,Y,2018.0
6315109,,BARRETT LARGE KNURLED FLOOR  SHADE,Lighting,,,,,,,0,0.0,0.0,Y,
6315190,,BARRETT LARGE KNURLED FLOOR LAMP SHADE,Lighting,,,,,,,0,0.0,0.0,Y,
6315646,,BEAUWORTH PARCHMENT CHEST,Furniture,,,,,,,0,0.0,0.0,Y,
6315753,,WHITE SHADE,Lighting,,,,,,,0,0.0,0.0,Y,
6316084,,CAMBRIDGE MEDIUM SMOKE BELL,Lighting,,,,42556845,,,0,2089.0,488.48,Y,2015.0
6316085,,BARRETT KNURLED BUFFET LAMP POLISHED NICKEL,Lighting,,,,42515353,,,0,1199.0,383.94,Y,2019.0
6316107,,ELLIS BEDSIDE LAMP PN (SHADE) / RL3965PN-Q-P / (BASE) IS ASSET 006316109,Lighting,,,,42485490,,,0,2639.0,678.8733333333333,Y,2019.0
6316108,,ELLIS BEDSIDE LAMP PN (SHADE) / RL3965PN-Q-P / (BASE) IS ASSET 6316108,Lighting,,,,42485490,,,0,2639.0,678.8733333333333,Y,2019.0
6316109,,ELLIS BEDSIDE LAMP PN (BASE) / RL3965PN-Q-P / (SHADE) IS ASSET 006316107,Lighting,,,,42485490,,,0,2639.0,678.8733333333333,Y,2019.0
6316110,,ELLIS BEDSIDE LAMP PN (BASE) / RL3965PN-Q-P / (SHADE) IS ASSET 006316108,Lighting,,,,42485490,,,0,2639.0,678.8733333333333,Y,2019.0
6316152,,SABLE SMALL CHANDELIER CRYSTAL/POLISHED NICKEL,Lighting,,,,44244515,,,0,3185.0,601.98,Y,2021.0
6316164,,RL 67 BOOM ARM TABLE LAMP PN / RL14030PN,Lighting,,,,35999523,,,0,459.0,255.46,Y,2018.0
6316166,,IIONA MEDIUM TABLE LAMP SHADE,Lighting,,,,,,,0,0.0,0.0,Y,
6316252,,CHATHAM LARGE LANTERN NB,Lighting,,,,40378911,,,0,6600.0,1053.58,Y,2018.0
6316348,,"22"" THROW PILLOWS",Furniture,,Visual,Display,,,,Sellable,0.0,0.0,Y,
6316509,,TREMONT SOFA (PILLOWS) / PATINA VELVET STERLING / ESTATE MAHOGANY / SOFA IS ASSET 6314001,Furniture,,,Display,,,,0,0.0,0.0,,
6316596,,ROUND WHITE PAPER SHADE,Lighting,,,,,,,0,0.0,0.0,Y,
6316597,,LEAF FOR DUKE DINING TABLE,Furniture,,,Display,,,,0,0.0,0.0,Y,
6316600,,SHADE FOR RL15808PS,Lighting,,,,,,,0,0.0,0.0,Y,
6316601,,ROUND WHITE PAPER CLOSED TOP SHADE,Lighting,,,,,,,0,0.0,0.0,Y,
6316607,,LYNE TORCH FLOOR LAMP,Lighting,,,,,,,0,0.0,0.0,Y,
6316612,,MARIE SCONCE,Lighting,,,,,,,0,0.0,0.0,Y,
6316613,,MARIE SCONCE,Lighting,,,,,,,0,0.0,0.0,Y,
6316614,,BOX-ROUND SILK SHADE,Lighting,,,,,,,0,0.0,0.0,Y,
6316616,,CANNES PENDANT,Lighting,,,,42556860,,,0,3229.0,580.0466666666667,Y,2024.0
6316617,,UPTON LARGE SCONCE,Lighting,,,,42559633,,,0,929.0,154.18,Y,2012.0
6316618,,ST. GERMAIN COCKTAIL TABLE,Furniture,,,Display,,,,0,0.0,0.0,,
6316619,,ST. GERMAIN COCKTAIL TABLE,Furniture,,,Display,,,,0,0.0,0.0,,
6316620,,FREEMAN TABLE LAMP,Lighting,,,,,,,0,0.0,0.0,Y,
6316626,,ALLEGRA IRON CHANDELIER,Lighting,,,,,,,0,0.0,0.0,Y,
6316629,,WHITE SHADE,Lighting,,,,,,,0,0.0,0.0,Y,
6316635,,MAYFAIR OCCASIONAL CHAIR,Furniture,,polo,Display,43614940,,,Sellable,4659.0,1193.25,,2020.0
6316636,,ANETTE SWING ARM SCONCE,Lighting,,,,42556381,,,0,709.0,98.692,Y,2011.0
6316637,,ROUND SHADE,Lighting,,,,,,,0,0.0,0.0,Y,
6316639,,ROUND SHADE,Lighting,,,,,,,0,0.0,0.0,Y,
6316640,,ROUND SHADE,Lighting,,,,,,,0,0.0,0.0,Y,
6316641,,ROUND SHADE,Lighting,,,,,,,0,0.0,0.0,Y,
6316642,,ROUND WHITE PAPER SHADE,Lighting,,,,,,,0,0.0,0.0,Y,
6316643,,ROUND SILK SHADE,Lighting,,,,,,,0,0.0,0.0,Y,
6316649,,HEIRESS DINING TABLE - MAHOGANY ( BASE ONLY ),Furniture,,polo,Display,43590124,,,0,27770.0,5657.25,,2020.0
6316650,,BOX OF SHADES,Lighting,,,,,,,0,0.0,0.0,Y,
6316651,,BOX OF SHADES,Lighting,,,,,,,0,0.0,0.0,Y,
6316652,,METAL BLACK SHADE,Lighting,,,,,,,0,0.0,0.0,Y,
6316653,,FULTON LARGE PENDANT/ INDUSTRIAL STEEL,Lighting,,,,,,,0,0.0,0.0,Y,
6316669,,ROUND WHITE PAPER CLOSED TOP SHADE,Lighting,,,,,,,0,0.0,0.0,Y,
6316714,,CARTHAGE TABLE LAMP NB / RL11094BN,Lighting,,,,42556993,,,0,1036.5,223.23958333333334,Y,2010.0
6316715,,GARNER TABLE LAMP NB,Lighting,,,,42557934,,,0,0.0,0.0,Y,2016.0
6316716,,SHADE FOR GARNER TABLE LAMP,Lighting,,,,,,,0,0.0,0.0,Y,
6316717,,GARNER TABLE LAMP NB,Lighting,,,,42557942,,,0,929.0,207.08,Y,2016.0
6316718,,SHADE FOR GARDNER TABLE LAMP,Lighting,,,,,,,0,0.0,0.0,Y,
6317313,,COTE D''AZUR QUEEN BED HEADBOARD 184-03,Furniture,,Polo,Display,,,,Sellable,0.0,0.0,,2020.0
6317314,,COTE D''AZUR QUEEN BED 184-03 FOOTBOARD,Furniture,,Polo,Display,45942497,,,Sellable,5829.95,2607.0,,2022.0
6317315,,COTE D''AZUR QUEEN BED 184-03 SIDERAILS AND HARDWARE,Furniture,,Polo,Display,,,,Sellable,0.0,0.0,,
6317392,,BOXSPRING,Prop,,,,,,,0,0.0,0.0,,
6317499,,CAMBRIDGE LARGE SMOKE BELL PENDANT NB (SHADE) / RL5103NB-CG / GOES WITH ASSET 6315082,Lighting,,,,42556829,,,0,3909.0,830.855,Y,2012.0
6317902,,MODERN METROPOLIS BEDSIDE CHEST,Furniture,,polo,Display,43652056,,,Sellable,10195.0,1607.9166666666667,Y,2020.0
6318423,,PARKER SIDE TABLE STAINLESS STEEL,Furniture,,,Display,,,,0,0.0,0.0,,
6318466,,DALTON UPHOLSTERED SIDE DINING CHAIR,Furniture,,,Display,,,,0,0.0,0.0,,
6318572,,MODERN HURRICANE SCONE,Lighting,,,,38842670,,,0,900.0,198.215,Y,2019.0
6318575,,ANETTE DOUBLE SCONCE NB / RL2252NB,Lighting,,,,42556357,,,0,879.0,195.02166666666665,Y,2011.0
6318577,,ANETTE DOUBLE SCONCE NB / RL2252NB,Lighting,,,,42556357,,,0,879.0,195.02166666666665,Y,2011.0
6318580,,BARTON DESK LAMP NB / RL3031NBEC-NB,Lighting,,,,44263630,,,0,1915.0,361.18,Y,2021.0
6318581,,BARTON DESK LAMP NB / RL3031NBEC-NB,Lighting,,,,44263630,,,0,1915.0,361.18,Y,2021.0
6318582,,BLEECKER TABLE LAMP,Lighting,,,,,,,0,0.0,0.0,Y,
6318616,,BLEECKER TABLE LAMP SHADE,Lighting,,,,,,,0,0.0,0.0,Y,
6318751,,BARRETT KNURLED FLOOR LAMP W/ SHADE,Lighting,,,,42485292,,,0,2389.0,451.58,Y,2019.0
6318752,,BARRET KNURLED SHADE,Lighting,,,,,,,0,0.0,0.0,Y,
6318759,,FELIX X BASE TABLE LAMP PN (BASE) / RL3473CGPN-P / (SHADE) IS ASSET 006318760,Lighting,,,,42557637,,,0,1709.0,384.91333333333336,Y,2019.0
6318760,,FELIX X BASE TABLE LAMP (SHADE) / RL3473CGPN-P / (BASE) IS ASSET 006318759,Lighting,,,,,,,0,0.0,0.0,Y,
6318818,,HEIRESS DOUBLE PEDESTAL TABLE TOP LEAFS,Furniture,,polo,Display,,,,0,0.0,0.0,,
6318862,,RIVINGTON SHIELD SCONCE BZ / RL2066BZ,Lighting,,,,42485698,,,0,799.0,207.31,Y,2019.0
6318864,,ALLEN TABLE LAMP PN (BASE) / RL3082PN-WP,Lighting,,,,42485201,,,0,1075.0,250.526,Y,2019.0
6318871,,NOLAN LOFT FLOOR LAMP BLK (BASE)  / RL1151BLK-P / (SHADE) IS ASSET 006318878,Lighting,,,,42508614,,,0,1199.0,383.94,Y,2019.0
6318877,,DUCHESS SALON CHAIR,Furniture,,polo,Display,45261377,,,Sellable,6603.0,1590.0,Y,2020.0
6318878,,NOLAN LOFT FLOOR LAMP BLK (SHADE) / RL1151BLK-P / (BASE) IS ASSET 6318871,Lighting,,,,42508614,,,0,1199.0,383.94,Y,2019.0
6318921,,3 PILLOW CASES,Furniture,,Visual,Display,,, ,Sellable,0.0,0.0,,
6318973,,ELLIS TABLE LAMP PN (BASE) / RL3966PN-Q-P,Lighting,,,,42485490,,,0,2639.0,678.8733333333333,Y,2019.0
6318974,,ANETTE TL PN,Lighting,,,,41194374,,,0,750.0,147.42,Y,2018.0
6318975,,ANETTE TL PN SHADE,Lighting,,,,,,,0,0.0,0.0,Y,
6318986,,RL ''67 SWING ARM WALL LAMP BRONZE,Lighting,,,,45273109,,,0,769.0,143.98,Y,2011.0
6320877,,EQUILIBRIUM FLOOR LAMP PN RL11170PN,Lighting,,,,42557488,,,0,1619.0,362.78066666666666,Y,2013.0
6320878,,UPTON LARGE SCONCE,Lighting,,,,42559633,,,0,929.0,154.18,Y,2012.0
6320921,,FAIRFIELD PHARMACY FLOOR LAMP PN / RL11165PN,Lighting,,,,42522060,,,0,1039.0,228.5257894736842,Y,2011.0
7000016,,PRYCE CLUB CHAIR RLU3043-37,Furniture,,,Display,,,,0,0.0,0.0,,
7000017,,PRYCE CLUB CHAIR RLU3043-37,Furniture,,,Display,,,,0,0.0,0.0,,
7000024,,EDWARDIAN BOOKCASE,Furniture,,polo,Display,42448449,,,Sellable,14486.0,3746.25,,2019.0
7000028,,SADLER COCKATIL OTTOMAN,Furniture,,polo,Display,45261143,,,Sellable,0.0,0.0,,
7000031,,COLORADO CLUB CHAIR,Furniture,,Polo,Display,75138123,,,Sellable,8327.0,3634.0,,2024.0
7000094,,CANNES GUERIDON TABLE,Furniture,,polo,Display,44719144,,,Sellable,5320.0,1350.752,,2020.0
7000113,,MATTRESS,Prop,,,,,,,0,0.0,0.0,,
7000114,,BOX SPRING,Prop,,,,,,,0,0.0,0.0,,
7000133,,RL 67 BOOM ARM FLOOR LAMP BZ / RL14028BZ,Lighting,,,,42508622,,,0,1305.0,416.06,Y,2019.0
7000155,,RL 67 SWING ARM WALL LAMP BZ / RL14030BZ,Lighting,,,,45273109,,,0,769.0,143.98,Y,2011.0
7000156,,RL 67 SWING ARM WALL LAMP BZ / RL14030BZ,Lighting,,,,45273109,,,0,769.0,143.98,Y,2011.0
7000161,,QUINCY FLOOR LAMP VO (SHADE) / RL1716VO-WP / (BASE) IS ASSET 006303559,Lighting,,,,35768159,,,0,0.0,0.0,Y,2017.0
7000165,,WHITE SHADE,Lighting,,,,,,,0,0.0,0.0,Y,
7000167,,MAYFAIR OCCASIONAL CHAIR,Furniture,,,Display,,,,0,0.0,0.0,,
7000170,,NOLAN LOFT FLOOR LAMP BLK (BASE) / RL1151BLK-P / (SHADE) IS ASSET 007000171,Lighting,,,,42508614,,,0,1199.0,383.94,Y,2019.0
7000171,,NOLAN LOFT FLOOR LAMP BLK (SHADE) / RL1151BLK-P / (BASE) IS ASSET 007000170,Lighting,,,,42508614,,,0,1199.0,383.94,Y,2019.0
7000175,,Beckford Table Lamp RL 3467BZ,Lighting,,,,42508507,,,0,1209.0,302.685,Y,2016.0
7000176,,WARNER PHARMACY FLOOR LAMP PN /  RL1145CG-PN,Lighting,,,,42559682,,,0,2079.0,480.8066666666667,Y,2024.0
7000185,,PRYCE CLUB CHAIR,Furniture,,polo,Display,44075349,,,Sellable,5031.0,1083.75,,2020.0
7000236,,PARKER SIDE TABLE,Furniture,,polo,Display,44044147,,,Sellable,3495.0,967.5,,2020.0
7000382,,WOVEN OTTOMAN,Furniture,,,Display,,,,0,0.0,0.0,,
7000420,,PRYCE CLUB CHAIR,Furniture,,polo,Display,76866490,,,Sellable,13189.0,3768.75,,2024.0
7000427,,LAWSON UPHOLSTERED CHAIR / RLU39500-27,Furniture,,polo,Display,7454493,,,Sellable,0.0,0.0,Y,
7000437,,QUEEN MATTRESS,Prop,,,,,,,0,0.0,0.0,,
7000508,,MODERN HOLLYWOOD OTTOMAN,OTTOMAN,,,,,,,Available,,,,
7000565,,FAIRFIELD PHARMACY FLOOR LAMP,Lighting,,,,42522060,,,0,1039.0,228.5257894736842,Y,2011.0
7000569,,MODERN TABLE LAMP,Lighting,,,,42558775,,,0,1279.0,268.19217391304346,Y,2012.0
7000597,,THAYER BED BENCH QUEEN,Furniture,,,Display,,,,0,0.0,0.0,Y,
7000619,,ROARK RECTANGULAR CHANDELIER`,Lighting,,,,42559435,,,0,2309.0,432.78,Y,2015.0
7000686,,ANNETEE DOUBLE SCONCE IN NB,Lighting,,,,42556357,,,0,879.0,195.02166666666665,Y,2011.0
7000687,,ANNETEE DOUBLE SCONCE IN NB,Lighting,,,,42556357,,,0,879.0,195.02166666666665,Y,2011.0
7000688,,ANNETEE DOUBLE SCONCE IN NB,Lighting,,,,42556357,,,0,879.0,195.02166666666665,Y,2011.0
7000689,,ANNETEE DOUBLE SCONCE IN NB,Lighting,,,,42556357,,,0,879.0,195.02166666666665,Y,2011.0
7000690,,BASALT HALL TABLE BLACK BASE,Furniture,,polo,Display,,,,Sellable,0.0,0.0,Y,
7000694,,ANNETTE 16'' PICTURE LIGHT IN NB,Lighting,,,,42485219,,,0,745.0,223.21333333333334,Y,2019.0
7000700,,PERRIN SIDE TABLE,Furniture,,polo,Display,43520535,,,Sellable,4295.0,862.25,,2019.0
7000708,,DARIEN LAMP SHADE,Lighting,,,,,,,0,0.0,0.0,Y,
7000709,,DARIEN LAMP SHADE,Lighting,,,,,,,0,0.0,0.0,Y,
7000711,,DARIEN FLOOR LAMP,Lighting,,,,,,,0,0.0,0.0,Y,
7000713,,DARIEN LAMP SHADE,Lighting,,,,,,,0,0.0,0.0,Y,
7000714,,DARIEN LAMP SHADE,Lighting,,,,,,,0,0.0,0.0,Y,
7000716,,RIVINGTON SHIELD SCONCE,Lighting,,,,42508341,,,0,799.0,231.4425,Y,2019.0
7000717,,BARRETT KNURLED LAMP SHADE,Lighting,,,,,,,0,0.0,0.0,Y,
7000719,,EQUILIBRIUM FLOOR LAMP,Lighting,,,,42557488,,,0,1619.0,362.78066666666666,Y,2013.0
7000720,,EQUILIBRIUM FLOOR LAMP,Lighting,,,,42557488,,,0,1619.0,362.78066666666666,Y,2013.0
7000779,,RIVINGTON MEDIUM PENDANT,Lighting,,,,44261501,,,0,5529.0,1037.58,Y,2016.0
7000794,,HALIFAX LARGE TABLE LAMP SHADE,Lighting,,,,,,,0,0.0,0.0,Y,
7000798,,MODERN TABLE LAMP SHADE,Lighting,,,,,,,0,0.0,0.0,Y,
7000799,,MODERN TABLE LAMP SHADE,Lighting,,,,,,,0,0.0,0.0,Y,
7000835,,MODERN TABLE LAMP IN POLISHED SILVER,Lighting,,,,42558775,,,0,1279.0,268.19217391304346,Y,2012.0
7000929,,MODERN TABLE LAMP IN PS,Lighting,,,,42558775,,,0,1279.0,268.19217391304346,Y,2012.0
7001147,,BASALT HALL TABLE BLACK,Furniture,,polo,Display,43614585,,,Sellable,6595.0,1929.8125,Y,2020.0
7001153,,ALASTAIR DINING ARM CHAIR,Furniture,,Polo,Display,45261138,,,Sellable,4052.0,1446.0,Y,2020.0
7001158,,WARNER CHAIR,Furniture,,polo,Display,44036069,,,Sellable,3795.0,918.75,,2020.0
7001162,,FALAISE DOUBLE SCONCE,Lighting,,,,75090845,,,0,1799.0,416.6033333333333,Y,2023.0
7001166,,"ANNETTE 16"" PICTURE LIGHT",Lighting,,,,42485219,,,0,745.0,223.21333333333334,Y,2019.0
7001167,,RLâ€™67 SWING ARM FLOOR LAMP,Lighting,,,,34569624,,,0,1619.0,342.595,Y,2010.0
7001168,,ELLIS BEDSIDE LAMP,Lighting,,,,42485490,,,0,2639.0,678.8733333333333,Y,2019.0
7001169,,SHADE FOR RL3965,Lighting,,,,,,,0,0.0,0.0,Y,
7001170,,GARNER TABLE LAMP,Lighting,,,,42557959,,,0,0.0,0.0,Y,2011.0
7001172,,LAYNE TORHCIERE FLOOR LAMP,Lighting,,,,,,,0,0.0,0.0,Y,
7001174,,ELLIS BEDSIDE TABLE LAMP,Lighting,,,,42485490,,,0,2639.0,678.8733333333333,Y,2019.0
7001175,,ELLIS BEDSIDE  TABLE LAMP SHADE RL3965PN,Lighting,,,,,,,0,0.0,0.0,Y,
7001176,,EVANS DOUBLE SCONE,Lighting,,,,,,,0,0.0,0.0,Y,
7001179,,ADRIANNA MEDIUM CHANGELIER,Lighting,,,,26793299,,,0,9969.0,1879.58,Y,2011.0
7001179,,,Lighting,,,,,,,,,,Y,
7001180,,RL 67' SWING ARM FLOOR LAMP NB,Lighting,,,,42559260,,,0,1217.75,258.1175,Y,2011.0
7001183,,WESTBURY MIRRORED SCONCE,Lighting,,,,43587096,,,0,1089.0,238.97,Y,2024.0
7001184,,ISLA SMALL TABLE LAMP,Lighting,,,,41834680,,,0,1260.0,291.96,Y,2019.0
7001186,,VARICK TABLE LAMP NB W/ SHADE,Lighting,,,,42485755,,,0,1139.0,307.235,Y,2019.0
7001190,,ELLIS TABLE LAMP W/ SHADE,Lighting,,,,42485490,,,0,2639.0,678.8733333333333,Y,2019.0
7001195,,BERLING DOULE SCONCE,Lighting,,,,,,,0,0.0,0.0,Y,
7001196,,GRANT LARGE SCONCE  PN,Lighting,,,,,,,0,0.0,0.0,Y,
7001197,,SWING ARM TABLE LAMP NB,Lighting,,,,42559260,,,0,1217.75,258.1175,Y,2011.0
7001200,,MODERN SMALL LANTERN,Lighting,,,,43600584,,,0,1519.0,286.38,Y,2020.0
7001201,,DALEY DESK LAMP  NB,Lighting,,,,42184739,,,0,1699.0,536.98,Y,2024.0
7001204,,VARICK TABLE LAMP,Lighting,,,,42559641,,,0,1389.0,322.98,Y,2014.0
7001205,,DAWES SCONCE PN,Lighting,,,,,,,0,0.0,0.0,Y,
7001207,,RL 67' SWING ARM WALL LAMP,Lighting,,,,42559351,,,Sellable,769.0,187.5,Y,2010.0
7001209,,BARRET BUFFET LAMP NB,Lighting,,,,52515353,,,0,0.0,0.0,Y,
7001227,,DALEY FLOOR LAMP NB,Lighting,,,,42521989,,,0,2879.0,655.1777777777778,Y,2018.0
7001228,,ANNETTE FLOOR LAMP PN,Lighting,,,,42485250,,,0,879.0,281.74,Y,2019.0
7001242,,SILK BOX PLEAT SHADE,Lighting,,,,,,,0,0.0,0.0,Y,
7001322,,BROOK STREET CLUB CHAIR,Furniture,,polo,Display,7686657,,,Sellable,0.0,0.0,Y,
7001324,,LAWSON ARM CHAIR,Furniture,,polo,Display,42554196,,,Sellable,6090.0,1522.5,,2019.0
7001373,,BARRETT KNURLED BUFFET LAMP,Lighting,,,,52515353,,,0,0.0,0.0,Y,
7001559,,ROBERSTON CHANDELIER,Lighting,,,,41086695,,,0,3600.0,564.78,Y,2018.0
7001693,,RIVINGTON MEDIUM 8-PANEL CHANDELIER,Lighting,,,,44261501,,,0,5529.0,1037.58,Y,2016.0
7001711,,JAMAICA QUEEN BED SR/SLATES,Furniture,,polo,Display,,,,Sellable,0.0,0.0,,
7001712,,JAMAICA QUEEN BED FB,Furniture,,polo,Display,43614791,,,Sellable,7950.0,1668.75,,2020.0
7001713,,JAMAICA QUEEN BED HB,Furniture,,polo,Display,,,,Sellable,1000000.0,0.0,,
7001721,,ALLEYN DINING TABLE,Furniture,,Polo,Display,42448423,,,Sellable,16485.0,4121.25,,2019.0
7001747,,PRYCE SOFA (STEEL FEET),Furniture,,polo,Display,44075307,,,Sellable,10157.0,2006.25,,2020.0
7001749,,CF1 LOUNGE CHAIR,Furniture,,polo,Display,16642563,,,Sellable,16500.0,4940.0,,2006.0
7001749,,LOUNGE CHAIR,Furniture,,polo,Display,44881852,,,Sellable,10610.0,2040.0,Y,2020.0
7001762,,IRVING LOUNGE CHAIR,Furniture,,polo,Display,74710062,,,Sellable,6585.0,1742.25,,2024.0
7001763,,PRYCE NIGHT STAND,Furniture,,,Display,,,,0,0.0,0.0,,
7001764,,PRYCE NIGHT STAND,Furniture,,,Display,,,,0,0.0,0.0,,
7001766,,PARKER QUEEN BED HB,Furniture,,polo,Display,,,,Sellable,0.0,0.0,,
7001767,,PARKER QUEEN BED FB,Furniture,,polo,Display,4403594,,,Sellable,0.0,0.0,,
7001768,,PARKER QUEEN BED SR,Furniture,,polo,Display,,,,Sellable,0.0,0.0,,
7001779,,DUKE NIGHTSTAND,Furniture,,polo,Display,76312289,,,0,20395.0,4851.0,Y,2024.0
7001784,,FLORENCE OTTOMAN,Furniture,,polo,Display,45261112,,,0,5873.0,1949.25,,2020.0
7001785,,FAIRFIELD PHARMACY LAMP,Lighting,,,Display,42522060,,,0,1039.0,228.5257894736842,Y,2011.0
7001787,,BARRETT LARGE CHANDELIER,Lighting,,,Display,45387008,,,0,1429.0,259.98,Y,2020.0
7001789,,"ANNETTE 16"" PICTURE LIGHT",Lighting,,,Display,42485219,,,0,745.0,223.21333333333334,Y,2019.0
7001790,,PERREN MIDIUM WALL SCONCE IN PN,Lighting,,,Display,43839745,,,0,1629.0,352.802,Y,2020.0
7001791,,PERREN MEDIUM WALL SCONCE IN PN,Lighting,,,Display,43839745,,,0,1629.0,352.802,Y,2020.0
7001792,,"LANGLEY 32"" PICTURE LIGHT IN PN",Lighting,,,Display,44008233,,,0,1389.0,298.1353846153846,Y,2024.0
7001793,,"LANGLEY 32"" PICTURE LIGHT IN PN",Lighting,,,Display,44008233,,,0,1389.0,298.1353846153846,Y,2024.0
7001794,,"LANGLEY 32"" PICTURE LIGHT IN PN",Lighting,,,Display,44008233,,,0,1389.0,298.1353846153846,Y,2024.0
7001795,,"LANGLEY 24"" PICTURE LIGHT IN PN",Lighting,,,Display,44008217,,,0,1279.0,266.47499999999997,Y,2024.0
7001796,,"LANGLEY 24"" PICTURE LIGHT IN PN",Lighting,,,Display,44008217,,,0,1279.0,266.47499999999997,Y,2024.0
7001797,,"LANGLEY 24"" PICTURE LIGHT IN PN",Lighting,,,Display,44008217,,,0,1279.0,266.47499999999997,Y,2024.0
7001882,,PRYCE CLUB CHAIR,Furniture,,,Display,,,,0,0.0,0.0,,
7001883,,BRIXYON END TABLE,Furniture,,polo,Display,43614635,,,Sellable,8095.0,2778.4375,Y,2020.0
7001886,,ANETTE FLOOR LAMP,Lighting,,,Display,42485250,,,0,879.0,281.74,Y,2019.0
7001889,,CARTHAGE MINI LAMP,Lighting,,,Display,42485409,,,0,685.0,129.18,Y,2019.0
7001890,,FAIRFIELD PHARMACY FLOOR LAMP,Lighting,,,Display,42557629,,,0,1039.0,226.76214285714286,Y,2010.0
7001892,,BARTON DESK LAMP,Lighting,,,Display,44263630,,,0,1915.0,361.18,Y,2021.0
7001893,,ILONA LAMP,Lighting,,,Display,42474015,,,0,1039.0,217.81333333333336,Y,2019.0
7001896,,LANGLEY 32'' PICTURE LIGHT,Lighting,,,Display,44008233,,,0,1389.0,298.1353846153846,Y,2024.0
7001897,,DALEY MEDIUM 6-LIGHT CHANDELIER,Lighting,,,Display,42557298,,,0,3689.0,868.98,Y,2018.0
7001899,,HALIFAX LARGE TABLE LAMP SHADE,Lighting,,,Display,,,,0,0.0,0.0,Y,
7001902,,ELLIS BEDSIDE LAMP WITH SHADE,Lighting,,,Display,42485490,,,0,2639.0,678.8733333333333,Y,2019.0
7001904,,CARTER SMALL TABLE LAMP WITH SHADE,Lighting,,,Display,42485391,,,0,725.0,230.64,Y,2019.0
7001906,,BARRETT KNURLED TABLE LAMP WITH SHADE,Lighting,,,Display,42521427,,,0,1339.0,302.06333333333333,Y,2019.0
7001907,,XAVIER SMALL PENDANT,Lighting,,,Display,42522615,,,0,1279.0,249.175,Y,2016.0
7001908,,BARRETT LARGE FLOOR LAMP WITH SHADE,Lighting,,,Display,42485292,,,0,2389.0,451.58,Y,2019.0
7001913,,PAPER LAMP SHADE,Lighting,,,Display,,,,0,0.0,0.0,Y,
7001914,,MODERN TABLE LAMP IN POLISH SILVER,Lighting,,,Display,42558775,,,0,1279.0,268.19217391304346,Y,2012.0
7001915,,BROOKINGS LARGE TABLE LAMP,Lighting,,,Display,424855367,,,0,0.0,0.0,Y,
7001918,,MODERN HOLLYWOOD BENCH,Furniture,,polo,Display,44512291,,,Sellable,5550.0,1228.625,,2020.0
7001943,,FAIRFIELD PHARMACY FLOOR LAMP IN PN,Lighting,,,Display,42522060,,,0,1039.0,228.5257894736842,Y,2011.0
7001950,,LOHAN LARGE TABLE LAMP,Lighting,,,Display,44007961,,,0,1219.0,277.30333333333334,Y,2024.0
7001951,,FAIRFIELD PHARMACY FLOOR LAMP IN NB,Lighting,,,Display,42557629,,,0,1039.0,226.76214285714286,Y,2010.0
7001952,,LOHAN LARGE TABLE LAMP SHADE,Lighting,,,Display,,,,0,0.0,0.0,Y,
7001998,,BARRETT MEDIUM KNURLED TABLE LAMP,Lighting,,,Display,42521427,,,0,1339.0,302.06333333333333,Y,2019.0
7001999,,BARRETT MEDIUM KNURLED TABLE LAMP,Lighting,,,Display,42521427,,,0,1339.0,302.06333333333333,Y,2019.0
7002000,,BARRETT MEDIUM KNURLED TABLE LAMP SHADE,Lighting,,,Display,,,,0,0.0,0.0,Y,
7002001,,BARRETT MEDIUM KNURLED TABLE LAMP SHADE,Lighting,,,Display,,,,0,0.0,0.0,Y,
7002083,,MAYFAIR OCCASIONAL CHAIR,Furniture,,polo,Display,43614940,,,Sellable,4659.0,1193.25,,2020.0
7002100,,RUE ROYALE TABLE,Furniture,,Adam's client,Display,77074862,,,0,3270.0,817.5,,2023.0
7002101,,RUE ROYALE TABLE,Furniture,,Polo,Display,77074862,,,Sellable,3270.0,817.5,,2023.0
7002103,,DUKE DRESSER,Furniture,,polo,Display,77435691,,,0,11845.0,4675.0,,2024.0
7002168,,DUTCHESS CHAIR,Furniture,,polo,Display,45261377,,,Sellable,6603.0,1590.0,,2020.0
7002213,,ANTLER CHANDELIER,Lighting,,,Display,,,,0,0.0,0.0,Y,
7002245,,FOO DOG TABLE LAMP SHADE,Lighting,,,Display,,,,0,0.0,0.0,Y,
7002248,,FOO DOG TABLE LAMP SHADE,Lighting,,,Display,,,,0,0.0,0.0,Y,
7002284,,BLUFF OAK SERVER,Furniture,,,Display,,,,0,0.0,0.0,Y,
7002290,,MODERN TABLE LAMP IN NB,Lighting,,,Display,42485649,,,0,1035.0,208.62857142857143,Y,2019.0
7002292,,ROUND LINEN SHADE FOR RL3622,Lighting,,,Display,,,,0,0.0,0.0,Y,
7002330,,METROLPOLIS TABLE LAMP,Lighting,,,Display,42558577,,,0,1389.0,274.53,Y,2014.0
7002331,,METROPOLIS TABLE LAMP WHITE SHADE,Lighting,,,Display,42558577,,,0,1389.0,274.53,Y,2014.0
7002332,,SHADE FOR RL39,Lighting,,,Display,,,,0,0.0,0.0,Y,
7002338,,VARICK FLOOR LAMP WHITE PAPER SHADE,Lighting,,,Display,,,,Sellable,0.0,0.0,Y,
7002339,,WHITE SHADE,Lighting,,,Display,,,,0,0.0,0.0,Y,
7002433,,LANGHAM CHAIR,Furniture,,,Display,,,,0,0.0,0.0,,
7002434,,WELLS DESK,Furniture,,polo,Display,73165466,,,Sellable,0.0,0.0,,
7002452,,LANGHAM DESK GLASS TOP,Furniture,,,Display,,,,0,0.0,0.0,,
7002458,,BASALT HALL TABLE,Furniture,,Polo,Display,43652650,,,Sellable,10145.0,2538.75,,2020.0
7002474,,DUKE EXT DINING TABLE,Furniture,,polo,Display,76609088,,,0,0.0,0.0,,
7002475,,DUKE EXT DINING TABLE LEAF,Furniture,,polo,Display,no sku,,,0,0.0,0.0,,
7002479,,TOURVILLE QUEEN BED HB,Furniture,,,Display,,,,0,0.0,0.0,,
7002480,,TOURVILLE QUEEN BED FB,Furniture,,,Display,,,,0,0.0,0.0,,
7002481,,TOURVILLE QUEEN BED SR/SLATES,Furniture,,,Display,,,,0,0.0,0.0,Y,
7002487,,"LILLIANNE CHANDELIER W/ SHADES, NB",Lighting,,,Display,42485623,,,0,6825.0,1810.1533333333334,Y,2019.0
7002488,,WESTBURY LANTERN,Lighting,,,Display,44261626,,,0,3909.0,794.2800000000001,Y,2013.0
7002489,,"BARRETT LARGE  KNURLED CHAND, PN W/PN SHADES",Lighting,,,Display,44263580,,,0,1345.0,249.58,Y,2021.0
7002496,,ELLIOT MIRROR,Furniture,,polo,Display,76627603,,,0,5850.0,1462.5,Y,2024.0
7002514,,BASALT OCCASIONAL TABLE / ONE FIFTH BLACK / RL39543-42,Furniture,,polo,Display,42448530,,,Sellable,7185.0,1796.25,,2019.0
7002522,,ROLL OF FABRIC,Fabric,,,Display,,,,0,0.0,0.0,,
7002523,,CLIFF STRIPE HARBOR RUG,Rug,,,Display,,,,0,0.0,0.0,,
7002525,,WAINSCOTT FLORAL VINTAGE ROSE (20 YRDS ),Fabric,,,Display,,,,0,0.0,0.0,,
7002545,,MODERN HOLLYWOOD OTTOMAN,Furniture,,polo,Display,45863057,,,Sellable,3535.0,687.34375,Y,2024.0
7002548,,DARIEN FLOOR LAMP,Lighting,,,Display,,,,0,0.0,0.0,Y,
7002551,,MCCARREN SINGLE TIER CHANDELIER IN NB,Lighting,,,Display,43555762,,,0,649.0,139.98,Y,2024.0
7002552,,HIGHCROFT LARGE TABLE LAMP,Lighting,,,Display,74989351,,,0,3600.0,837.48,Y,2023.0
7002553,,HIGHCROFT LARGE TABLE LAMP SHADE,Lighting,,,Display,,,,0,0.0,0.0,Y,
7002554,,WHITE ROUND SHADE,Lighting,,,Display,,,,0,0.0,0.0,Y,
7002555,,TRADE ROUTE STRIPE RUG,Rug,,,Display,,,,0,0.0,0.0,,
7002557,,ARAN ISLES OTTOMAN,Furniture,,Stacy,Display,46192233,,,0,2994.0,781.95,,2024.0
7002559,,ALLEN TABLE LAMP IN NB,Lighting,,,Display,40062937,,,0,1339.0,311.6466666666667,Y,2013.0
7002568,,FAIRFIELD PHARMACY FLOOR LAMP,Lighting,,,Display,42557629,,,0,1039.0,226.76214285714286,Y,2010.0
7002569,,ANETTE SWING ARM SCONCE IN NB,Lighting,,,Display,42556381,,,0,709.0,98.692,Y,2011.0
7002570,,ANETTE SWING ARM SCONCE IN NB,Lighting,,Polo,display,42556381,,,Sellable,709.0,98.692,Y,2011.0
7002571,,ELLIS LAMP SHADE,Lighting,,,,,,,0,0.0,0.0,Y,
7002575,,ELLIS BEDSIDE LAMP IN NB,Lighting,,,,42522003,,,0,3099.0,654.73,Y,2016.0
7002576,,ISLA SMALL TABLE LAMP,Lighting,,,,,,,0,0.0,0.0,Y,
7002578,,BARRAGAN STRIPE RUG,Rug,,,,,,,0,0.0,0.0,,
7002579,,SAGAPONECK STRIPE RUG,Rug,,,,,,,0,0.0,0.0,,
7002580,,SAGAPONECK STRIPE RUG,Rug,,,,,,,0,0.0,0.0,,
7002581,,SAGAPONECK STRIPE RUG,Rug,,,,,,,0,0.0,0.0,,
7002583,,ALLEN TABLE LAMP,Lighting,,,,42485201,,,0,1075.0,250.526,Y,2019.0
7002585,,DOWNING FLOOR LAMP,Lighting,,,,75090662,,,0,1299.0,318.31333333333333,Y,2023.0
7002586,,MODERN TABLE LAMP SHADE,Lighting,,,,,,,0,0.0,0.0,Y,
7002591,,ILONA MEDIUM TABLE LAMP,Lighting,,,,44244507,,,0,869.0,192.48000000000002,Y,2021.0
7002592,,WHITE LINEN LAMP SHADE,Lighting,,,,,,,0,0.0,0.0,Y,
7002593,,RL67' BOOM ARM FLOOR LAMP,Lighting,,,,34569624,,,0,1619.0,342.595,Y,2010.0
7002594,,WHITE LAMP SHADE,Lighting,,,,,,,Sellable,0.0,0.0,Y,
7002595,,WHITE LAMP SHADE,Lighting,,,,,,,Sellable,0.0,0.0,Y,
7002596,,RL67' BOOM ARM FLOOR LAMP,Lighting,,,,34569624,,,0,1619.0,342.595,Y,2010.0
7002597,,DANIELA TABLE LAMP SHADE,Lighting,,,,,,,0,0.0,0.0,Y,
7002598,,MODERN TABLE LAMP,Lighting,,,,42558775,,,0,1279.0,268.19217391304346,Y,2012.0
7002599,,HALIFAX LARGE COCONUT LAMP,Lighting,,,,40150864,,,0,1200.0,234.275,Y,2017.0
7002602,,DOWNING FLOOR LAMP,Lighting,,,,75090670,,,0,1299.0,319.98,Y,2023.0
7002603,,ANETTE FLOOR LAMP,Lighting,,,,42485250,,,0,879.0,281.74,Y,2019.0
7002604,,DALFERN PETITE FLOOR LAMP,Lighting,,,,,,,0,0.0,0.0,Y,
7002605,,DANIELA MEDIUM DOUBLE SCONCE,Lighting,,,,42557397,,,0,2309.0,519.0421428571428,Y,2014.0
7002607,,DORIS MEDIUM TABLE LAMP SHADE,Lighting,,,,,,,0,0.0,0.0,Y,
7002608,,DOWNING FLOOR LAMP SHADE,Lighting,,,,,,,0,0.0,0.0,Y,
7002609,,DOWNING FLOOR LAMP SHADE,Lighting,,,,,,,0,0.0,0.0,Y,
7002611,,ONE FIFTH WALL MIRROR,Furniture,,polo,Display,44044287,,,Sellable,9595.0,3066.25,,2020.0
7002620,,ALLEGRA MEDIUM CHANDELIER IN AGED IRON,Lighting,,,Display,42282657,,,0,3000.0,588.23,Y,2019.0
7002621,,SHADE FOR ISLA SMALL TABLE LAMP,Lighting,,,Display,,,,Sellable,0.0,0.0,Y,
7002624,,MODERN TABLE LAMP BROZE WITH SHADE,Lighting,,,Display,42558767,,,0,1279.0,260.4269230769231,Y,2011.0
7002626,,HOLLOWAY XL FLOOR LAMP WITH SHADE,Lighting,,,Display,,,,0,0.0,0.0,Y,
7002627,,MODERN TABLE LAMP SHADE,Lighting,,,Display,,,,0,0.0,0.0,Y,
7002628,,CARTER LARGE TABLE LAMP SHADE,Lighting,,,Display,,,,0,0.0,0.0,Y,
7002629,,HOLLOWAY XL FLOOR LAMP SHADE,Lighting,,,Display,,,,0,0.0,0.0,Y,
7002636,,ONE FIFTH OTTOMAN,Furniture,,,Display,,,,0,0.0,0.0,,
7002638,,GRANT CHAIR,Furniture,,polo,Display,76606631,,,0,7119.0,3125.2400000000002,,2024.0
7002706,,DUKE EXTENDABLE DINING TABLE BASES,Furniture,,polo,Display,no sku,,,0,0.0,0.0,,
7002729,,ELDRIDGE EXTENDABLE DINING TABLE,Furniture,,polo,Display,,,,0,5850.0,1462.5,Y,
7002739,,EMPIRE PEDESTAL TABLE BASE,TABLE,,,,,,,Available,,,,
7002740,,EMPIRE PEDESTAL TABLE TOP,Furniture,,polo,Display,,,,0,0.0,0.0,,
7002760,,CANNES GUERIDON END TABLE,Furniture,,polo,Display,43614544,,,Sellable,7395.0,2383.75,,2020.0
7002766,,WESTOVER COCKTAIL OTTOMAN,Furniture,,polo,Display,45863016,,,Sellable,7305.0,1521.9375,Y,2024.0
7002770,,HITHER HILLS STUDIO DINING CHAIR,Furniture,,polo,Display,42553560,,,0,5370.0,1342.5,,2019.0
7002772,,PRYCE BOOKCASE SHELVES \,Furniture,,,Display,,,,0,0.0,0.0,,
7002773,,PRYCE BOOKCASE,Furniture,,polo,Display,440444022,,,Sellable,0.0,0.0,,
7002790,,ANNETE 24' PICTURE LIGHT IN PN,Lighting,,,Display,35991736,,,0,1279.0,237.58,Y,2024.0
7002791,,ANETTE 24'' PICTURE IN PN,Lighting,,,Display,35991736,,,0,1279.0,237.58,Y,2024.0
7002795,,BRIXTON END TABLE,Furniture,,polo,Display,43520496,,,Sellable,0.0,0.0,,
7002812,,PRYCE BOOKCAE,Furniture,,polo,Display,44044402,,,Sellable,12595.0,4147.666666666667,,2020.0
7002816,,WARNER CHAIR,Furniture,,polo,Display,76593896,,,Sellable,7005.0,2375.234,,2024.0
7002849,,"BROOKINGS TL, PN",Lighting,,,Display,29630019,,,0,2089.0,457.8385714285714,Y,2016.0
7002850,,"ALLEN MEDIUM LINEAR SCONCE, PN",Lighting,,,Display,42556217,,,0,1219.0,248.62285714285713,Y,2013.0
7002851,,"ALLEN MEDIUM LINEAR SCONCE, PN",Lighting,,,Display,42556217,,,0,1219.0,248.62285714285713,Y,2013.0
7002853,,"EQUILIBRIUM FL, PN",Lighting,,,Display,42557488,,,0,1619.0,362.78066666666666,Y,2013.0
7002854,,"EQUILIBRIUM FL, PN",Lighting,,,Display,42557488,,,0,1619.0,362.78066666666666,Y,2013.0
7002855,,"FAIR PHARMACY LAMP, PN",Lighting,,,Display,42522060,,,0,1039.0,228.5257894736842,Y,2011.0
7002859,,MAYFAIR CENTER  TABLE,Furniture,,polo,Display,42448241,,,Sellable,0.0,0.0,Y,2019.0
7002860,,RAYMOND CLUB CHAIR,CHAIR,,,,,,,Available,,,,
7002861,,MODERN HOLLYWOOD OTTOMAN,Furniture,,polo,Display,77225332,,,Sellable,6077.0,1988.12,,2024.0
7002862,,MAYFAIR TUFTED QUEEN BED HB,Furniture,,polo,Display,,,,Sellable,0.0,0.0,,
7002863,,MAYFAIR TUFTED QUEEN BED FB,Furniture,,polo,Display,46157725,,,Sellable,0.0,0.0,,
7002864,,MAYFAIR TUFTED QUEEN BED HF,Furniture,,polo,Display,,,,Sellable,0.0,0.0,,
7002876,,FLORENCE STOREGE  OTTOMAN,Furniture,,polo,Display,45857455,,,0,7485.0,1594.6875,,2024.0
7002877,,FAIRVIEW CLUB CHAIR,Furniture,,polo,Display,,,,0,0.0,0.0,,
7002883,,WRITER'S OTTOMAN,Furniture,,polo,Display,45261401,,,Sellable,3099.0,872.25,Y,2020.0
7002944,,MAYFAIR SIDE TABLE,Furniture,,polo,Display,43652544,,,Sellable,0.0,0.0,Y,2020.0
7002964,,MODERN HOLLYWOOD NIGHTSTAND,Furniture,,polo,Display,44512291,,,Sellable,5550.0,1228.625,,2020.0
7002967,,DALTON SIDE CHAIR,Furniture,,,Display,,,,0,0.0,0.0,,
7002971,,FAIR PHARM FLOOR LAMP,Lighting,,,Display,42485516,,,0,795.0,178.24,Y,2019.0
7002972,,FAIR PHARM FLOOR LAMP,Lighting,,,Display,42485516,,,0,795.0,178.24,Y,2019.0
7002976,,FAIR PHARM FLOOR LAMP,Lighting,,,Display,42485516,,,0,795.0,178.24,Y,2019.0
7002977,,FAIR PHARM FLOOR LAMP,Lighting,,,Display,42485516,,,0,795.0,178.24,Y,2019.0
7002979,,FAIRFIELD FLOOR LAMP NB,Lighting,,,Display,42557629,,,0,1039.0,226.76214285714286,Y,2010.0
7002980,,ANETTE FLOOR LAMP NB,Lighting,,,Display,42485243,,,0,879.0,170.11333333333332,Y,2019.0
7002981,,FOO DOG MEDIUM FLOOR LAMP W/ SHADE,Lighting,,,Display,42557660,,,0,1739.0,406.96090909090907,Y,2019.0
7002982,,MODERN TABLE LAMP NB,Lighting,,,Display,42485649,,,0,1035.0,208.62857142857143,Y,2019.0
7002983,,SYDNEE GOURD LAMP,Lighting,,,Display,44007987,,,0,1279.0,285.1,Y,2024.0
7002984,,BLYTHE LARGE TL,Lighting,,,Display,44007946,,,0,1619.0,380.98,Y,2024.0
7002985,,HALIFAX SMALL TL,Lighting,,,Display,42522128,,,0,929.0,193.93,Y,2016.0
7002987,,ARCHER CHANDELIER,Lighting,,,Display,40064370,,,0,5039.0,1131.465,Y,2012.0
7002990,,FOO DOG MEDIUM,Lighting,,,Display,41830498,,,0,1860.0,294.18,Y,2019.0
7002991,,FOO DOG MEDIUM,Lighting,,,Display,41830418,,,0,0.0,0.0,Y,
7002996,,EQUILBRUM TABLE LAMP,Lighting,,,Display,42557504,,,0,1406.8,291.38,Y,2013.0
7003002,,Pryce club chair,Furniture,,,Display,,,,0,0.0,0.0,,
7003034,,THAYER CONSOLE,Furniture,,polo,Display,44044444,,,Sellable,10195.0,2835.0,,2020.0
7003057,,LANGLEY 32â€ PIC LIGHT,Lighting,,,Display,44008233,,,0,1389.0,298.1353846153846,Y,2024.0
7003060,,"CARTER LARGE TL, BLACK",Lighting,,,Display,35768019,,,0,1109.0,221.73000000000002,Y,2024.0
7003061,,"CARTER LARGE TL, BLACK",Lighting,,,Display,35768019,,,0,1109.0,221.73000000000002,Y,2024.0
7003062,,CAMBRIDGE MEDIUM BELL JAR,Lighting,,,Display,42556845,,,0,2089.0,488.48,Y,2015.0
7003063,,CAMBRIDGE LARGE BELL JAR,Lighting,,,,42556829,,,0,3909.0,830.855,Y,2012.0
7003067,,XAVIER PENDANT,Lighting,,,Display,42522623,,,0,1279.0,296.98,Y,2016.0
7003068,,FOO DOG MEDIUM LAMP W/ SHADE,Lighting,,,Display,42557660,,,0,1739.0,406.96090909090907,Y,2019.0
7003069,,MODERN METRO RIGHT NIGHTSTAND,Furniture,,polo,Display,77699916,,,Sellable,0.0,0.0,,
7003109,,"EQUIL FLOOR LAMP, BRONZE",Lighting,,,Display,39746953,,,0,1500.0,262.98,Y,2017.0
7003118,,CHEYENNE LANTERN,Lighting,,,Display,42557132,,,0,1279.0,225.98,Y,2016.0
7003119,,CHEYENNE LANTERN,Lighting,,,Display,42557132,,,0,1279.0,225.98,Y,2016.0
7003120,,ANCASTER LANTERN,Lighting,,,Display,43833250,,,0,2529.0,553.91,Y,2024.0
7003128,,HALIFAX LARGE TL,Lighting,,,Display,42485557,,,0,965.0,306.56,Y,2019.0
7003129,,DANIELLA TL BASE ONLY,Lighting,,,Display,42508267,,,0,1365.0,383.94,Y,2019.0
7003130,,RL 67 BOOM ARM FL,Lighting,,,Display,42508622,,,0,1305.0,416.06,Y,2019.0
7003131,,BARTON TL,Lighting,,,Display,44263630,,,0,1915.0,361.18,Y,2021.0
7003133,,ALLEGRA 6 LIGHT CHANDELIER,Lighting,,,Display,,,,0,0.0,0.0,Y,
7003136,,MAYFAIR CENTER TABLE BASE,Furniture,,,Display,,,,0,0.0,0.0,,
7003137,,MAYFAIR CENTER TABLE TOP,Furniture,,,Display,,,,0,0.0,0.0,,
7003138,,DORSET RUG,Rug,,,Display,,,,0,0.0,0.0,,
7003140,,CANNES GUERIDON END TABLE,Furniture,,polo,Display,43614544,,,Sellable,7395.0,2383.75,,2020.0
7003144,,FOO DOG MEDIUM LAMP SHADE,Lighting,,,Display,,,,0,0.0,0.0,Y,
7003145,,LANGLEY PICTURE LIGHT 32'',Lighting,,,Display,44008233,,,0,1389.0,298.1353846153846,Y,2024.0
7003147,,MODERM TABLE LAMP SHADE,Lighting,,,Display,,,,0,0.0,0.0,Y,
7003151,,EQUILIBRIUM FLOOR LAMP IN PN,Lighting,,,Display,42557488,,,0,1619.0,362.78066666666666,Y,2013.0
7003169,,NOBLE ESTATE DINNING CHAIR,Furniture,,polo,Display,45261351,,,Sellable,4164.0,1218.75,,2020.0
7003178,,NEW BOHEMIAN SPINDLE CHAIR,CHAIR,,,,,,,Available,,,,
7003185,,WRITERS CHAIR,CHAIR,,,,,,,Unavailable,,,,
7003186,,WRITERS CHAIR,Furniture,,polo,Display,46036539,,,Sellable,10485.0,2265.0,,2024.0
7003187,,CONSERVATORY GARDEN HOST CHAIR,Furniture,,Polo,Display,43614579,,,Sellable,0.0,0.0,,
7003189,,CONSERVATORY GARDEN HOST CHAIR,Furniture,,Polo,Display,43614579,,,Sellable,0.0,0.0,,
7003190,,BURNHAM SOFA,Furniture,,,Display,,,,0,0.0,0.0,,
7003193,,PYRCE SOFA,Furniture,,polo,Display,74544958,,,Sellable,15847.0,3539.25,,2024.0
7003195,,ONE FIFTH OTTOMAN,Furniture,,,Display,,,,0,0.0,0.0,,
7003200,,BRADBURN SOFA,Furniture,,,Display,,,,0,0.0,0.0,Y,
7003202,,LANGHAM DESK BASE,Furniture,,polo,Display,42448324,,,Sellable,11550.0,2887.5,,2019.0
7003210,,KERRY CHAIR,Furniture,,polo,Display,76425594,,,Sellable,10511.0,2779.5,Y,2024.0
7003215,,WING BACK CHAIR,Furniture,,,Display,,,,0,0.0,0.0,Y,
7003231,,CLIVEDON ARM CHAIR,Furniture,,polo,Display,46220596,,,Sellable,6665.0,1894.5,,2024.0
7003232,,TAVERN WOOD TABLE,Furniture,,polo,Display,42448431,,,Sellable,2886.0,746.25,,2019.0
7003234,,LONDON CLUB CHAIR,Furniture,,polo,Display,74693474,,,Sellable,9245.0,2443.88875,,2024.0
7003237,,ARON ISLE CLUB CHAIR,Furniture,,Polo,Display,45261310,,,Sellable,9362.0,2341.565,Y,2020.0
7003239,,RAYMOND CLUB CHAIR,CHAIR,,,,,,,Available,,,,
7003241,,INDIAN COVE DESK CHAIR,CHAIR,,,,,,,Available,,,,
7003242,,Heiress dinning table one base only,Furniture,,polo,Display,,,,0,0.0,0.0,,
7003243,,BRYCE SIDE TABLE,Furniture,,,Display,,,,0,0.0,0.0,,
7003244,,SMALL CANNES GUERIDON / SILVER & WHITE,Furniture,,,Display,,,,0,0.0,0.0,,
7003249,,LARGE DINING TABLE,Furniture,,,Display,,,,0,0.0,0.0,,
7003251,,COTE AZUL STOOL,Furniture,,,Display,,,,0,0.0,0.0,,
7003253,,"BARRETT 24"" PICTURE LIGHT",Lighting,,,Display,42556480,,,0,1499.0,343.48,Y,2019.0
7003257,,LARGE DINING TABLE BASES,Furniture,,,Display,,,,0,0.0,0.0,,
7003258,,ELLIOT MIRROR,Furniture,,polo,Display,76627603,,,0,0.0,0.0,Y,2024.0
7003273,,MODERN DRUM END TABLE,Furniture,,polo,Display,43652049,,,Sellable,5550.0,1221.468,,2020.0
7003274,,BLEEKER TABLE LAMP,Lighting,,,Display,,,,0,0.0,0.0,Y,
7003276,,ANNETTE FLOOR LAMP PN,Lighting,,,Display,42485250,,,0,879.0,281.74,Y,2019.0
7003315,,EDWARDIAN BOOKCASE CROWN + BASE,BOOKCASE,,,,,,,Available,,,,
7003316,,EDWARDIAN BOOKCASE CROWN + BASE,BOOKCASE,,,,,,,Available,,,,
7003395,,PARKER HALL TABLE BASE,TABLE,,,,,,,Available,,,,
7003400,,2 LEAVES FOR HUDSON ST DINING TABLE,TABLE,,,,,,,Available,,,,
7003401,,"FAIRFIELD PHARMACY FLOOR LAMP, NB",LIGHTING,,,,,,,Available,,,,
7003403,,CARTAGE TABLE LAMP,LIGHTING,,,,,,,Available,,,,
7003405,,MODERN DRUM END TABLE,TABLE,,,,,,,Available,,,,
7003407,,WHITCOMB END TABLE,TABLE,,,,,,,Available,,,,
7003410,,BARRETT KNURLED BOOM ARM DESK,LIGHTING,,,,,,,Available,,,,
7003411,,BARRETT KNURLED BOOM ARM DESK,LIGHTING,,,,,,,Available,,,,
7003413,,LAMP SHADE ONLY,LIGHTING,,,,,,,Available,,,,
7003414,,LAMP SHADE ONLY,LIGHTING,,,,,,,Available,,,,
7003415,,MCCARREN LG PENDANT ( NOT COMPLETED PIECES),LIGHTING,,,,,,,Available,,,,
7003417,,BARRETT KNURLED BOOM-ARM DESK LIGHT,LIGHTING,,,,,,,Available,,,,
7003418,,BARTON DESK LAMP IN SILVER,LIGHTING,,,,,,,Available,,,,
7003419,,CARTHAGE TABLE LAMP,LIGHTING,,,,,,,Available,,,,
7003432,,CLIVEDON SERVER,CONSOLE,,,,,,,Available,,,,
7003433,,CLIVEDON SERVER MARBLE TOP,CONSOLE,,,,,,,Available,,,,
7003441,,FAIRFIELD PHARMACY FLOOR LAMP,LIGHTING,,,,,,,Available,,,,
7003442,,BOXED CARTHAGE TABLE LAMP,LIGHTING,,,,,,,Available,,,,
7003443,,BOXED CARTHAGE TL,LIGHTING,,,,,,,Available,,,,
7003444,,BOXED FLUSH MOUNT,LIGHTING,,,,,,,Available,,,,
7003445,,BOXED FLOOR LAMP,LIGHTING,,,,,,,Available,,,,
7003446,,FAIRFIELD FLOOR LAMP,LIGHTING,,,,,,,Available,,,,
7003496,,PALLET OF LIGHTING 1/4,LIGHTING,,,,,,,Available,,,,
7003497,,PALLET OF LIGHTING 2/4,LIGHTING,,,,,,,Available,,,,
7003498,,PALLET OF LIGHTING 3/4,LIGHTING,,,,,,,Available,,,,
7003499,,PALLET OF LIGHTING 4/4,LIGHTING,,,,,,,Available,,,,
7003501,,CODY MEDIUM TABLE LAMP IN NB,LIGHTING,,,,,,,Available,,,,
7003503,,CODY MEDIUM TABLE LAMP SHADE,LIGHTING,,,,,,,Available,,,,
7003504,,ROUND SHADE ROOM CH,LIGHTING,,,,,,,Available,,,,
7003505,,SQUARE PERCALE SHADE,LIGHTING,,,,,,,Available,,,,
7003512,,RILEY FLOOR LAMP IN NB AND SADDLE LEATHER,LIGHTING,,,,,,,Available,,,,
7003513,,RILEY FLOOR LAMP SHADE,LIGHTING,,,,,,,Available,,,,
7003516,,ELLINGTON BORDER ONYX,RUG,,,,,,,Available,,,,
7003517,,EDWARDIAN BOOKCASE SHELVES AND SHELF HOLDERS,BOOKCASE,,,,,,,Available,,,,
7003518,,HEDGER 55'' FLOOR LAMP IN NATURAL BARSS AND NAVY LEATHER (SHADE),LIGHTING,,,,,,,Available,,,,
7003519,,HEDGER 55'' FLOOR LAMP IN NATURAL BARSS AND NAVY LEATHER,LIGHTING,,,,,,,Available,,,,
7003525,,ADRIANNA DOUBLE SCONCE IN AG-S,LIGHTING,,,,,,,Available,,,,
7003528,,CAMBRIDGE LG SMOKE BELL,LIGHTING,,,,,,,Available,,,,
7003532,,DUKE BAR,CABINET,,,,,,,Available,,,,
7003533,,DUKE BAR CART,BAR CART,,,,,,,Available,,,,
7003538,,DANIELA MEDIUM ONE-TIER CHANDELIER,LIGHTING,,,,,,,Available,,,,
7003542,,SHELDON CAPE BLUE RUG,RUG,,,,,,,Available,,,,
7003545,,HEDGE 11'' ACCENT LAMP IN BZ W/ LINEN SHADE,LIGHTING,,,,,,,Available,,,,
7003546,,BROOMFIELD LARGE HANGING,LIGHTING,,,,,,,Available,,,,
7003547,,CUSHING ETAGERE,BOOKCASE,,,,,,,Available,,,,
7003548,,CUSHING ETAGERE,DRESSER,,,,,,,Available,,,,
7003549,,ANTIQUE ROUND TABLE BASE,TABLE,,,,,,,Available,,,,
7003550,,ANTIQUE ROUND TABLE TOP,TABLE,,,,,,,Available,,,,
7003563,,SILK SHADE FOR RL3650,LIGHTING,,,,,,,Available,,,,
7003564,,ROUND PAPER SHADE,LIGHTING,,,,,,,Available,,,,
